{"v":"5.7.4","fr":29.9700012207031,"ip":0,"op":210.000008553475,"w":1000,"h":1000,"nm":"Order Prepare","ddd":0,"assets":[],"layers":[{"ddd":0,"ind":1,"ty":4,"nm":"food Outlines","sr":1,"ks":{"o":{"a":0,"k":100,"ix":11},"r":{"a":0,"k":180,"ix":10},"p":{"a":0,"k":[856,836,0],"ix":2,"l":2},"a":{"a":0,"k":[11,10.5,0],"ix":1,"l":2},"s":{"a":0,"k":[-946.729,-946.729,100],"ix":6,"l":2}},"ao":0,"shapes":[{"ty":"gr","it":[{"ind":0,"ty":"sh","ix":1,"ks":{"a":0,"k":{"i":[[-1.539,0],[0,0],[0,1.538],[0,0]],"o":[[0,0],[1.538,0],[0,0],[0,1.538]],"v":[[-5.348,1.393],[5.348,1.393],[8.133,-1.393],[-8.133,-1.393]],"c":true},"ix":2},"nm":"Path 1","mn":"ADBE Vector Shape - Group","hd":false},{"ty":"fl","c":{"a":0,"k":[0.463355449602,0.325916963465,0.232582466275,1],"ix":4},"o":{"a":0,"k":100,"ix":5},"r":1,"bm":0,"nm":"Fill 1","mn":"ADBE Vector Graphic - Fill","hd":false},{"ty":"tr","p":{"a":0,"k":[11.995,16.497],"ix":2},"a":{"a":0,"k":[0,0],"ix":1},"s":{"a":0,"k":[100,100],"ix":3},"r":{"a":0,"k":0,"ix":6},"o":{"a":0,"k":100,"ix":7},"sk":{"a":0,"k":0,"ix":4},"sa":{"a":0,"k":0,"ix":5},"nm":"Transform"}],"nm":"Group 1","np":2,"cix":2,"bm":0,"ix":1,"mn":"ADBE Vector Group","hd":false},{"ty":"gr","it":[{"ind":0,"ty":"sh","ix":1,"ks":{"a":0,"k":{"i":[[-0.029,0.024],[-0.117,0.028],[0.022,0.306],[-0.008,0.026],[-0.002,0.019],[-0.035,-0.117],[-0.124,-0.297],[-0.007,0.007],[-0.012,0.019],[-0.034,0.014],[-0.055,-0.043],[0.018,-0.051],[0.104,-0.071],[0.077,-0.005],[0.02,0.005],[0.145,0.068]],"o":[[0.101,-0.082],[-0.134,-0.281],[-0.015,-0.024],[0.007,-0.017],[0.03,-0.135],[0.095,0.31],[0.008,-0.007],[-0.004,-0.018],[-0.004,-0.038],[0.068,-0.026],[0.039,0.03],[-0.039,0.116],[-0.021,0.059],[-0.024,0.001],[-0.164,0.049],[-0.034,-0.017]],"v":[[-0.465,0.568],[-0.128,0.432],[-0.402,-0.468],[-0.415,-0.548],[-0.402,-0.6],[-0.15,-0.596],[0.182,0.308],[0.206,0.289],[0.215,0.234],[0.264,0.137],[0.424,0.175],[0.477,0.303],[0.251,0.585],[0.1,0.693],[0.035,0.686],[-0.454,0.665]],"c":true},"ix":2},"nm":"Path 1","mn":"ADBE Vector Shape - Group","hd":false},{"ty":"fl","c":{"a":0,"k":[0.490714069441,0.535409665575,0.431828487621,1],"ix":4},"o":{"a":0,"k":100,"ix":5},"r":1,"bm":0,"nm":"Fill 1","mn":"ADBE Vector Graphic - Fill","hd":false},{"ty":"tr","p":{"a":0,"k":[16.263,11.185],"ix":2},"a":{"a":0,"k":[0,0],"ix":1},"s":{"a":0,"k":[100,100],"ix":3},"r":{"a":0,"k":0,"ix":6},"o":{"a":0,"k":100,"ix":7},"sk":{"a":0,"k":0,"ix":4},"sa":{"a":0,"k":0,"ix":5},"nm":"Transform"}],"nm":"Group 2","np":2,"cix":2,"bm":0,"ix":2,"mn":"ADBE Vector Group","hd":false},{"ty":"gr","it":[{"ind":0,"ty":"sh","ix":1,"ks":{"a":0,"k":{"i":[[0.373,0.43],[0.729,-0.144],[0.325,-0.221],[-0.049,-0.175],[-1.283,-0.751],[-0.455,0.413],[0.229,0.919]],"o":[[-0.457,-0.526],[-0.291,0.059],[-1.295,0.885],[0.048,0.176],[1.283,0.75],[0.455,-0.413],[-0.146,-0.584]],"v":[[1.419,-2.015],[-0.478,-2.648],[-1.408,-2.247],[-2.48,-0.031],[-1.152,2.042],[1.413,1.921],[2.473,-0.307]],"c":true},"ix":2},"nm":"Path 1","mn":"ADBE Vector Shape - Group","hd":false},{"ty":"fl","c":{"a":0,"k":[0.979146082261,0.656308821136,0.240585072835,1],"ix":4},"o":{"a":0,"k":100,"ix":5},"r":1,"bm":0,"nm":"Fill 1","mn":"ADBE Vector Graphic - Fill","hd":false},{"ty":"tr","p":{"a":0,"k":[17.199,13.517],"ix":2},"a":{"a":0,"k":[0,0],"ix":1},"s":{"a":0,"k":[100,100],"ix":3},"r":{"a":0,"k":0,"ix":6},"o":{"a":0,"k":100,"ix":7},"sk":{"a":0,"k":0,"ix":4},"sa":{"a":0,"k":0,"ix":5},"nm":"Transform"}],"nm":"Group 3","np":2,"cix":2,"bm":0,"ix":3,"mn":"ADBE Vector Group","hd":false},{"ty":"gr","it":[{"ind":0,"ty":"sh","ix":1,"ks":{"a":0,"k":{"i":[[-0.037,0.006],[-0.116,-0.034],[-0.13,0.277],[-0.02,0.017],[-0.011,0.013],[0.026,-0.12],[0.036,-0.32],[-0.011,0.003],[-0.019,0.01],[-0.035,-0.004],[-0.027,-0.064],[0.041,-0.038],[0.126,-0.01],[0.069,0.033],[0.015,0.013],[0.093,0.131]],"o":[[0.128,-0.023],[0.019,-0.312],[-0.002,-0.028],[0.014,-0.012],[0.091,-0.105],[-0.069,0.316],[0.01,-0.002],[0.004,-0.017],[0.015,-0.035],[0.073,0.01],[0.019,0.045],[-0.091,0.081],[-0.046,0.042],[-0.022,-0.011],[-0.168,-0.037],[-0.022,-0.03]],"v":[[-0.467,0.339],[-0.105,0.385],[0.094,-0.536],[0.12,-0.611],[0.158,-0.65],[0.376,-0.525],[0.225,0.426],[0.255,0.421],[0.288,0.378],[0.38,0.318],[0.501,0.428],[0.484,0.566],[0.15,0.701],[-0.035,0.723],[-0.087,0.686],[-0.503,0.428]],"c":true},"ix":2},"nm":"Path 1","mn":"ADBE Vector Shape - Group","hd":false},{"ty":"fl","c":{"a":0,"k":[0.490714069441,0.535409665575,0.431828487621,1],"ix":4},"o":{"a":0,"k":100,"ix":5},"r":1,"bm":0,"nm":"Fill 1","mn":"ADBE Vector Graphic - Fill","hd":false},{"ty":"tr","p":{"a":0,"k":[7.231,10.872],"ix":2},"a":{"a":0,"k":[0,0],"ix":1},"s":{"a":0,"k":[100,100],"ix":3},"r":{"a":0,"k":0,"ix":6},"o":{"a":0,"k":100,"ix":7},"sk":{"a":0,"k":0,"ix":4},"sa":{"a":0,"k":0,"ix":5},"nm":"Transform"}],"nm":"Group 4","np":2,"cix":2,"bm":0,"ix":4,"mn":"ADBE Vector Group","hd":false},{"ty":"gr","it":[{"ind":0,"ty":"sh","ix":1,"ks":{"a":0,"k":{"i":[[0.116,0.557],[0.706,0.229],[0.391,-0.036],[0.043,-0.178],[-0.755,-1.281],[-0.598,0.138],[-0.247,0.914]],"o":[[-0.142,-0.683],[-0.282,-0.09],[-1.563,0.141],[-0.044,0.178],[0.755,1.28],[0.598,-0.139],[0.158,-0.581]],"v":[[2.365,-0.979],[1.018,-2.456],[0.012,-2.558],[-2.005,-1.146],[-1.857,1.31],[0.443,2.456],[2.454,1.027]],"c":true},"ix":2},"nm":"Path 1","mn":"ADBE Vector Shape - Group","hd":false},{"ty":"fl","c":{"a":0,"k":[0.979146082261,0.656308821136,0.240585072835,1],"ix":4},"o":{"a":0,"k":100,"ix":5},"r":1,"bm":0,"nm":"Fill 1","mn":"ADBE Vector Graphic - Fill","hd":false},{"ty":"tr","p":{"a":0,"k":[6.983,13.344],"ix":2},"a":{"a":0,"k":[0,0],"ix":1},"s":{"a":0,"k":[100,100],"ix":3},"r":{"a":0,"k":0,"ix":6},"o":{"a":0,"k":100,"ix":7},"sk":{"a":0,"k":0,"ix":4},"sa":{"a":0,"k":0,"ix":5},"nm":"Transform"}],"nm":"Group 5","np":2,"cix":2,"bm":0,"ix":5,"mn":"ADBE Vector Group","hd":false},{"ty":"gr","it":[{"ind":0,"ty":"sh","ix":1,"ks":{"a":0,"k":{"i":[[-0.037,-0.005],[-0.1,-0.067],[-0.209,0.224],[-0.025,0.012],[-0.014,0.01],[0.062,-0.107],[0.132,-0.294],[-0.011,-0.001],[-0.021,0.003],[-0.032,-0.015],[-0.007,-0.07],[0.05,-0.023],[0.123,0.028],[0.056,0.053],[0.01,0.018],[0.049,0.154]],"o":[[0.129,0.018],[0.114,-0.29],[0.007,-0.028],[0.016,-0.006],[0.119,-0.071],[-0.162,0.28],[0.01,0.001],[0.008,-0.016],[0.025,-0.029],[0.067,0.031],[0.004,0.049],[-0.111,0.05],[-0.057,0.026],[-0.017,-0.018],[-0.148,-0.087],[-0.012,-0.036]],"v":[[-0.527,0.128],[-0.197,0.283],[0.275,-0.531],[0.324,-0.596],[0.37,-0.62],[0.54,-0.434],[0.104,0.426],[0.135,0.43],[0.18,0.398],[0.285,0.37],[0.367,0.512],[0.309,0.637],[-0.051,0.663],[-0.234,0.628],[-0.273,0.576],[-0.59,0.202]],"c":true},"ix":2},"nm":"Path 1","mn":"ADBE Vector Shape - Group","hd":false},{"ty":"fl","c":{"a":0,"k":[0.390436269723,0.426955608293,0.342077846153,1],"ix":4},"o":{"a":0,"k":100,"ix":5},"r":1,"bm":0,"nm":"Fill 1","mn":"ADBE Vector Graphic - Fill","hd":false},{"ty":"tr","p":{"a":0,"k":[12.69,11.329],"ix":2},"a":{"a":0,"k":[0,0],"ix":1},"s":{"a":0,"k":[100,100],"ix":3},"r":{"a":0,"k":0,"ix":6},"o":{"a":0,"k":100,"ix":7},"sk":{"a":0,"k":0,"ix":4},"sa":{"a":0,"k":0,"ix":5},"nm":"Transform"}],"nm":"Group 6","np":2,"cix":2,"bm":0,"ix":6,"mn":"ADBE Vector Group","hd":false},{"ty":"gr","it":[{"ind":0,"ty":"sh","ix":1,"ks":{"a":0,"k":{"i":[[-0.061,0.565],[0.602,0.433],[0.382,0.086],[0.096,-0.155],[-0.325,-1.451],[-0.612,-0.052],[-0.516,0.794]],"o":[[0.074,-0.693],[-0.241,-0.174],[-1.53,-0.345],[-0.096,0.155],[0.325,1.45],[0.613,0.051],[0.328,-0.504]],"v":[[2.486,-0.079],[1.657,-1.898],[0.73,-2.305],[-1.623,-1.581],[-2.235,0.803],[-0.399,2.6],[1.954,1.857]],"c":true},"ix":2},"nm":"Path 1","mn":"ADBE Vector Shape - Group","hd":false},{"ty":"fl","c":{"a":0,"k":[0.817884677064,0.28898043165,0.265481268191,1],"ix":4},"o":{"a":0,"k":100,"ix":5},"r":1,"bm":0,"nm":"Fill 1","mn":"ADBE Vector Graphic - Fill","hd":false},{"ty":"tr","p":{"a":0,"k":[11.782,13.429],"ix":2},"a":{"a":0,"k":[0,0],"ix":1},"s":{"a":0,"k":[100,100],"ix":3},"r":{"a":0,"k":0,"ix":6},"o":{"a":0,"k":100,"ix":7},"sk":{"a":0,"k":0,"ix":4},"sa":{"a":0,"k":0,"ix":5},"nm":"Transform"}],"nm":"Group 7","np":2,"cix":2,"bm":0,"ix":7,"mn":"ADBE Vector Group","hd":false},{"ty":"gr","it":[{"ind":0,"ty":"sh","ix":1,"ks":{"a":0,"k":{"i":[[-0.124,0],[-1.312,0.003],[0.123,-0.001],[1.312,-0.003]],"o":[[1.312,-0.004],[0.123,-0.001],[-1.312,0.003],[-0.123,0]],"v":[[-1.967,0.1],[1.969,0.092],[1.969,-0.099],[-1.967,-0.091]],"c":true},"ix":2},"nm":"Path 1","mn":"ADBE Vector Shape - Group","hd":false},{"ty":"fl","c":{"a":0,"k":[0.951655548694,0.448623597388,0.329247268976,1],"ix":4},"o":{"a":0,"k":100,"ix":5},"r":1,"bm":0,"nm":"Fill 1","mn":"ADBE Vector Graphic - Fill","hd":false},{"ty":"tr","p":{"a":0,"k":[6.905,3.499],"ix":2},"a":{"a":0,"k":[0,0],"ix":1},"s":{"a":0,"k":[100,100],"ix":3},"r":{"a":0,"k":0,"ix":6},"o":{"a":0,"k":100,"ix":7},"sk":{"a":0,"k":0,"ix":4},"sa":{"a":0,"k":0,"ix":5},"nm":"Transform"}],"nm":"Group 8","np":2,"cix":2,"bm":0,"ix":8,"mn":"ADBE Vector Group","hd":false},{"ty":"gr","it":[{"ind":0,"ty":"sh","ix":1,"ks":{"a":0,"k":{"i":[[-0.124,-0.002],[-1.374,-0.017],[0.123,0.001],[1.374,0.016]],"o":[[1.374,0.016],[0.123,0.001],[-1.374,-0.017],[-0.123,-0.002]],"v":[[-2.061,0.096],[2.062,0.096],[2.062,-0.095],[-2.061,-0.095]],"c":true},"ix":2},"nm":"Path 1","mn":"ADBE Vector Shape - Group","hd":false},{"ty":"fl","c":{"a":0,"k":[0.951655548694,0.448623597388,0.329247268976,1],"ix":4},"o":{"a":0,"k":100,"ix":5},"r":1,"bm":0,"nm":"Fill 1","mn":"ADBE Vector Graphic - Fill","hd":false},{"ty":"tr","p":{"a":0,"k":[8.64,5.812],"ix":2},"a":{"a":0,"k":[0,0],"ix":1},"s":{"a":0,"k":[100,100],"ix":3},"r":{"a":0,"k":0,"ix":6},"o":{"a":0,"k":100,"ix":7},"sk":{"a":0,"k":0,"ix":4},"sa":{"a":0,"k":0,"ix":5},"nm":"Transform"}],"nm":"Group 9","np":2,"cix":2,"bm":0,"ix":9,"mn":"ADBE Vector Group","hd":false},{"ty":"gr","it":[{"ind":0,"ty":"sh","ix":1,"ks":{"a":0,"k":{"i":[[0,0],[0,0],[0,0],[0,0],[0,0],[0,0],[0,0],[0,0]],"o":[[0,0],[0,0],[0,0],[0,0],[0,0],[0,0],[0,0],[0,0]],"v":[[-3.229,-7.487],[-3.229,-6.941],[-1.277,-4.63],[-1.277,7.487],[3.229,7.487],[3.229,-4.63],[1.283,-6.941],[1.283,-7.487]],"c":true},"ix":2},"nm":"Path 1","mn":"ADBE Vector Shape - Group","hd":false},{"ty":"fl","c":{"a":0,"k":[0.986887254902,0.735047942517,0.48431486242,1],"ix":4},"o":{"a":0,"k":100,"ix":5},"r":1,"bm":0,"nm":"Fill 1","mn":"ADBE Vector Graphic - Fill","hd":false},{"ty":"tr","p":{"a":0,"k":[7.815,10.403],"ix":2},"a":{"a":0,"k":[0,0],"ix":1},"s":{"a":0,"k":[100,100],"ix":3},"r":{"a":0,"k":0,"ix":6},"o":{"a":0,"k":100,"ix":7},"sk":{"a":0,"k":0,"ix":4},"sa":{"a":0,"k":0,"ix":5},"nm":"Transform"}],"nm":"Group 10","np":2,"cix":2,"bm":0,"ix":10,"mn":"ADBE Vector Group","hd":false},{"ty":"gr","it":[{"ind":0,"ty":"sh","ix":1,"ks":{"a":0,"k":{"i":[[0,0],[0,0],[0,0],[0,0],[0,0]],"o":[[0,0],[0,0],[0,0],[0,0],[0,0]],"v":[[-0.324,-7.214],[-2.467,-4.902],[-2.467,7.214],[2.467,7.214],[2.467,-4.902]],"c":true},"ix":2},"nm":"Path 1","mn":"ADBE Vector Shape - Group","hd":false},{"ty":"fl","c":{"a":0,"k":[0.958784335267,0.52412516276,0.43046913895,1],"ix":4},"o":{"a":0,"k":100,"ix":5},"r":1,"bm":0,"nm":"Fill 1","mn":"ADBE Vector Graphic - Fill","hd":false},{"ty":"tr","p":{"a":0,"k":[4.911,10.676],"ix":2},"a":{"a":0,"k":[0,0],"ix":1},"s":{"a":0,"k":[100,100],"ix":3},"r":{"a":0,"k":0,"ix":6},"o":{"a":0,"k":100,"ix":7},"sk":{"a":0,"k":0,"ix":4},"sa":{"a":0,"k":0,"ix":5},"nm":"Transform"}],"nm":"Group 11","np":2,"cix":2,"bm":0,"ix":11,"mn":"ADBE Vector Group","hd":false}],"ip":0,"op":210.000008553475,"st":0,"bm":0},{"ddd":0,"ind":2,"ty":4,"nm":"kitchen Outlines","sr":1,"ks":{"o":{"a":0,"k":100,"ix":11},"r":{"a":0,"k":0,"ix":10},"p":{"a":0,"k":[488,856,0],"ix":2,"l":2},"a":{"a":0,"k":[44.5,23,0],"ix":1,"l":2},"s":{"a":0,"k":[1259.236,1259.236,100],"ix":6,"l":2}},"ao":0,"shapes":[{"ty":"gr","it":[{"ind":0,"ty":"sh","ix":1,"ks":{"a":0,"k":{"i":[[-0.142,0.004],[-4.785,0.116],[0.142,-0.003],[4.785,-0.116]],"o":[[4.785,-0.116],[0.142,-0.004],[-4.785,0.117],[-0.142,0.004]],"v":[[-7.178,0.176],[7.178,0.044],[7.178,-0.177],[-7.178,-0.045]],"c":true},"ix":2},"nm":"Path 1","mn":"ADBE Vector Shape - Group","hd":false},{"ty":"fl","c":{"a":0,"k":[1,0.999998743394,1,1],"ix":4},"o":{"a":0,"k":100,"ix":5},"r":1,"bm":0,"nm":"Fill 1","mn":"ADBE Vector Graphic - Fill","hd":false},{"ty":"tr","p":{"a":0,"k":[24.813,25.109],"ix":2},"a":{"a":0,"k":[0,0],"ix":1},"s":{"a":0,"k":[100,100],"ix":3},"r":{"a":0,"k":0,"ix":6},"o":{"a":0,"k":100,"ix":7},"sk":{"a":0,"k":0,"ix":4},"sa":{"a":0,"k":0,"ix":5},"nm":"Transform"}],"nm":"Group 1","np":4,"cix":2,"bm":0,"ix":1,"mn":"ADBE Vector Group","hd":false},{"ty":"gr","it":[{"ind":0,"ty":"sh","ix":1,"ks":{"a":0,"k":{"i":[[0.362,0],[0,0],[0,-0.361],[0,-0.226],[-0.002,-0.108],[-0.153,0],[-0.043,-0.18],[-0.568,0],[0,0],[-0.131,0.552],[-0.185,0],[0,0],[-0.043,-0.18],[-0.568,0],[0,0],[-0.131,0.552],[-0.185,0],[0,0],[-0.043,-0.18],[-0.567,0],[0,0],[-0.131,0.552],[-0.185,0],[-0.101,0.002],[0.001,0.055],[0,0.123],[0,0]],"o":[[0,0],[-0.362,0],[0,0.226],[0,0.108],[0.004,0.235],[0.185,0],[0.131,0.552],[0,0],[0.567,0],[0.043,-0.18],[0,0],[0.185,0],[0.131,0.552],[0,0],[0.567,0],[0.043,-0.18],[0,0],[0.185,0],[0.131,0.552],[0,0],[0.567,0],[0.043,-0.18],[0.102,0],[0.047,-0.001],[-0.002,-0.117],[0,0],[0,-0.361]],"v":[[7.191,-1.53],[-7.187,-1.53],[-7.842,-0.875],[-7.846,-0.198],[-7.844,0.127],[-7.418,0.28],[-7.029,0.587],[-5.837,1.53],[-4.068,1.53],[-2.877,0.587],[-2.488,0.28],[-2.463,0.28],[-2.074,0.587],[-0.882,1.53],[0.887,1.53],[2.078,0.587],[2.467,0.28],[2.492,0.28],[2.881,0.587],[4.072,1.53],[5.842,1.53],[7.033,0.587],[7.422,0.28],[7.765,0.28],[7.845,0.227],[7.846,-0.266],[7.846,-0.875]],"c":true},"ix":2},"nm":"Path 1","mn":"ADBE Vector Shape - Group","hd":false},{"ty":"fl","c":{"a":0,"k":[0.357465945973,0.368503884708,0.606296015721,1],"ix":4},"o":{"a":0,"k":100,"ix":5},"r":1,"bm":0,"nm":"Fill 1","mn":"ADBE Vector Graphic - Fill","hd":false},{"ty":"tr","p":{"a":0,"k":[24.777,25.377],"ix":2},"a":{"a":0,"k":[0,0],"ix":1},"s":{"a":0,"k":[100,100],"ix":3},"r":{"a":0,"k":0,"ix":6},"o":{"a":0,"k":100,"ix":7},"sk":{"a":0,"k":0,"ix":4},"sa":{"a":0,"k":0,"ix":5},"nm":"Transform"}],"nm":"Group 2","np":4,"cix":2,"bm":0,"ix":2,"mn":"ADBE Vector Group","hd":false},{"ty":"gr","it":[{"ind":0,"ty":"sh","ix":1,"ks":{"a":0,"k":{"i":[[0,1.152],[-1.152,0],[0,-1.152],[1.152,0]],"o":[[0,-1.152],[1.152,0],[0,1.152],[-1.152,0]],"v":[[-2.087,0.674],[0.001,-2.76],[2.087,0.674],[0.001,2.76]],"c":true},"ix":2},"nm":"Path 1","mn":"ADBE Vector Shape - Group","hd":false},{"ty":"fl","c":{"a":0,"k":[0.947452859318,0.905771651922,0.884520227769,1],"ix":4},"o":{"a":0,"k":100,"ix":5},"r":1,"bm":0,"nm":"Fill 1","mn":"ADBE Vector Graphic - Fill","hd":false},{"ty":"tr","p":{"a":0,"k":[29.724,23.848],"ix":2},"a":{"a":0,"k":[0,0],"ix":1},"s":{"a":0,"k":[100,100],"ix":3},"r":{"a":0,"k":0,"ix":6},"o":{"a":0,"k":100,"ix":7},"sk":{"a":0,"k":0,"ix":4},"sa":{"a":0,"k":0,"ix":5},"nm":"Transform"}],"nm":"Group 3","np":4,"cix":2,"bm":0,"ix":3,"mn":"ADBE Vector Group","hd":false},{"ty":"gr","it":[{"ind":0,"ty":"sh","ix":1,"ks":{"a":0,"k":{"i":[[0,1.152],[-1.152,0],[0,-1.152],[1.152,0]],"o":[[0,-1.152],[1.152,0],[0,1.152],[-1.152,0]],"v":[[-2.087,0.674],[0.001,-2.76],[2.087,0.674],[0.001,2.76]],"c":true},"ix":2},"nm":"Path 1","mn":"ADBE Vector Shape - Group","hd":false},{"ty":"fl","c":{"a":0,"k":[0.947452859318,0.905771651922,0.884520227769,1],"ix":4},"o":{"a":0,"k":100,"ix":5},"r":1,"bm":0,"nm":"Fill 1","mn":"ADBE Vector Graphic - Fill","hd":false},{"ty":"tr","p":{"a":0,"k":[24.771,23.848],"ix":2},"a":{"a":0,"k":[0,0],"ix":1},"s":{"a":0,"k":[100,100],"ix":3},"r":{"a":0,"k":0,"ix":6},"o":{"a":0,"k":100,"ix":7},"sk":{"a":0,"k":0,"ix":4},"sa":{"a":0,"k":0,"ix":5},"nm":"Transform"}],"nm":"Group 4","np":4,"cix":2,"bm":0,"ix":4,"mn":"ADBE Vector Group","hd":false},{"ty":"gr","it":[{"ind":0,"ty":"sh","ix":1,"ks":{"a":0,"k":{"i":[[0,1.152],[-1.152,0],[0,-1.152],[1.153,0]],"o":[[0,-1.152],[1.153,0],[0,1.152],[-1.152,0]],"v":[[-2.087,0.674],[-0.001,-2.76],[2.087,0.674],[-0.001,2.76]],"c":true},"ix":2},"nm":"Path 1","mn":"ADBE Vector Shape - Group","hd":false},{"ty":"fl","c":{"a":0,"k":[0.947452859318,0.905771651922,0.884520227769,1],"ix":4},"o":{"a":0,"k":100,"ix":5},"r":1,"bm":0,"nm":"Fill 1","mn":"ADBE Vector Graphic - Fill","hd":false},{"ty":"tr","p":{"a":0,"k":[19.818,23.848],"ix":2},"a":{"a":0,"k":[0,0],"ix":1},"s":{"a":0,"k":[100,100],"ix":3},"r":{"a":0,"k":0,"ix":6},"o":{"a":0,"k":100,"ix":7},"sk":{"a":0,"k":0,"ix":4},"sa":{"a":0,"k":0,"ix":5},"nm":"Transform"}],"nm":"Group 5","np":4,"cix":2,"bm":0,"ix":5,"mn":"ADBE Vector Group","hd":false},{"ty":"gr","it":[{"ind":0,"ty":"sh","ix":1,"ks":{"a":0,"k":{"i":[[-1.649,0],[0,0],[0,1.649],[0,0]],"o":[[0,0],[1.649,0],[0,0],[0,1.649]],"v":[[-5.734,1.493],[5.734,1.493],[8.721,-1.493],[-8.721,-1.493]],"c":true},"ix":2},"nm":"Path 1","mn":"ADBE Vector Shape - Group","hd":false},{"ty":"fl","c":{"a":0,"k":[0.914726526597,0.817986462163,0.791576071347,1],"ix":4},"o":{"a":0,"k":100,"ix":5},"r":1,"bm":0,"nm":"Fill 1","mn":"ADBE Vector Graphic - Fill","hd":false},{"ty":"tr","p":{"a":0,"k":[20.7,25.413],"ix":2},"a":{"a":0,"k":[0,0],"ix":1},"s":{"a":0,"k":[100,100],"ix":3},"r":{"a":0,"k":0,"ix":6},"o":{"a":0,"k":100,"ix":7},"sk":{"a":0,"k":0,"ix":4},"sa":{"a":0,"k":0,"ix":5},"nm":"Transform"}],"nm":"Group 6","np":4,"cix":2,"bm":0,"ix":6,"mn":"ADBE Vector Group","hd":false},{"ty":"gr","it":[{"ind":0,"ty":"sh","ix":1,"ks":{"a":0,"k":{"i":[[0,0],[4.002,-0.297],[0,0],[2.52,-1.482],[0,0],[-0.741,-2.075],[0,0]],"o":[[0,0],[-4.002,0.296],[0,0],[-2.519,1.482],[0,0],[0.741,2.074],[0,0]],"v":[[5.633,4.743],[3.26,-4.594],[0.445,0.001],[-3.41,-4.299],[-2.223,1.779],[-6.521,1.482],[-1.482,5.781]],"c":true},"ix":2},"nm":"Path 1","mn":"ADBE Vector Shape - Group","hd":false},{"ty":"fl","c":{"a":0,"k":[0.205477456486,0.468678672641,0.326348368327,1],"ix":4},"o":{"a":0,"k":100,"ix":5},"r":1,"bm":0,"nm":"Fill 1","mn":"ADBE Vector Graphic - Fill","hd":false},{"ty":"tr","p":{"a":0,"k":[16.21,19.711],"ix":2},"a":{"a":0,"k":[0,0],"ix":1},"s":{"a":0,"k":[100,100],"ix":3},"r":{"a":0,"k":0,"ix":6},"o":{"a":0,"k":100,"ix":7},"sk":{"a":0,"k":0,"ix":4},"sa":{"a":0,"k":0,"ix":5},"nm":"Transform"}],"nm":"Group 7","np":4,"cix":2,"bm":0,"ix":7,"mn":"ADBE Vector Group","hd":false},{"ty":"gr","it":[{"ind":0,"ty":"sh","ix":1,"ks":{"a":0,"k":{"i":[[0,0],[3.557,0.444],[0,0],[3.408,0.593],[0,0]],"o":[[0,0],[-3.558,-0.446],[0,0],[-3.409,-0.593],[0,0]],"v":[[0.592,4.372],[2.372,-1.408],[-2.965,1.408],[-2.52,-4.372],[-5.337,4.965]],"c":true},"ix":2},"nm":"Path 1","mn":"ADBE Vector Shape - Group","hd":false},{"ty":"fl","c":{"a":0,"k":[0.662919646618,0.737403959386,0.547142238243,1],"ix":4},"o":{"a":0,"k":100,"ix":5},"r":1,"bm":0,"nm":"Fill 1","mn":"ADBE Vector Graphic - Fill","hd":false},{"ty":"tr","p":{"a":0,"k":[27.094,20.527],"ix":2},"a":{"a":0,"k":[0,0],"ix":1},"s":{"a":0,"k":[100,100],"ix":3},"r":{"a":0,"k":0,"ix":6},"o":{"a":0,"k":100,"ix":7},"sk":{"a":0,"k":0,"ix":4},"sa":{"a":0,"k":0,"ix":5},"nm":"Transform"}],"nm":"Group 8","np":4,"cix":2,"bm":0,"ix":8,"mn":"ADBE Vector Group","hd":false},{"ty":"gr","it":[{"ind":0,"ty":"sh","ix":1,"ks":{"a":0,"k":{"i":[[0.152,-0.06],[0.2,-0.129],[0.205,-0.146],[-0.214,0.13],[-0.21,0.141],[-0.168,0.17]],"o":[[-0.222,0.087],[-0.212,0.138],[-0.197,0.14],[0.216,-0.13],[0.197,-0.13],[0.102,-0.104]],"v":[[0.598,-0.587],[-0.023,-0.229],[-0.656,0.187],[-0.462,0.517],[0.171,0.1],[0.751,-0.325]],"c":true},"ix":2},"nm":"Path 1","mn":"ADBE Vector Shape - Group","hd":false},{"ty":"fl","c":{"a":0,"k":[0.849499511719,0.431366355746,0.265743719363,1],"ix":4},"o":{"a":0,"k":100,"ix":5},"r":1,"bm":0,"nm":"Fill 1","mn":"ADBE Vector Graphic - Fill","hd":false},{"ty":"tr","p":{"a":0,"k":[23.803,20.639],"ix":2},"a":{"a":0,"k":[0,0],"ix":1},"s":{"a":0,"k":[100,100],"ix":3},"r":{"a":0,"k":0,"ix":6},"o":{"a":0,"k":100,"ix":7},"sk":{"a":0,"k":0,"ix":4},"sa":{"a":0,"k":0,"ix":5},"nm":"Transform"}],"nm":"Group 9","np":4,"cix":2,"bm":0,"ix":9,"mn":"ADBE Vector Group","hd":false},{"ty":"gr","it":[{"ind":0,"ty":"sh","ix":1,"ks":{"a":0,"k":{"i":[[0.164,-0.094],[0.272,-0.186],[0.233,-0.205],[-0.181,0.104],[-0.269,0.188],[-0.232,0.207]],"o":[[-0.287,0.162],[-0.256,0.174],[-0.162,0.143],[0.284,-0.164],[0.255,-0.176],[0.146,-0.13]],"v":[[0.699,-0.697],[-0.126,-0.15],[-0.889,0.392],[-0.661,0.687],[0.154,0.123],[0.904,-0.431]],"c":true},"ix":2},"nm":"Path 1","mn":"ADBE Vector Shape - Group","hd":false},{"ty":"fl","c":{"a":0,"k":[0.849499511719,0.431366355746,0.265743719363,1],"ix":4},"o":{"a":0,"k":100,"ix":5},"r":1,"bm":0,"nm":"Fill 1","mn":"ADBE Vector Graphic - Fill","hd":false},{"ty":"tr","p":{"a":0,"k":[22.315,18.117],"ix":2},"a":{"a":0,"k":[0,0],"ix":1},"s":{"a":0,"k":[100,100],"ix":3},"r":{"a":0,"k":0,"ix":6},"o":{"a":0,"k":100,"ix":7},"sk":{"a":0,"k":0,"ix":4},"sa":{"a":0,"k":0,"ix":5},"nm":"Transform"}],"nm":"Group 10","np":4,"cix":2,"bm":0,"ix":10,"mn":"ADBE Vector Group","hd":false},{"ty":"gr","it":[{"ind":0,"ty":"sh","ix":1,"ks":{"a":0,"k":{"i":[[0.131,-0.029],[0.266,-0.164],[0.293,-0.182],[-0.217,0.136],[-0.292,0.185],[-0.198,0.245]],"o":[[-0.307,0.069],[-0.294,0.181],[-0.217,0.134],[0.292,-0.183],[0.265,-0.166],[0.078,-0.097]],"v":[[0.872,-0.719],[0.021,-0.275],[-0.857,0.271],[-0.659,0.612],[0.219,0.062],[0.997,-0.506]],"c":true},"ix":2},"nm":"Path 1","mn":"ADBE Vector Shape - Group","hd":false},{"ty":"fl","c":{"a":0,"k":[0.849499511719,0.431366355746,0.265743719363,1],"ix":4},"o":{"a":0,"k":100,"ix":5},"r":1,"bm":0,"nm":"Fill 1","mn":"ADBE Vector Graphic - Fill","hd":false},{"ty":"tr","p":{"a":0,"k":[20.644,16.034],"ix":2},"a":{"a":0,"k":[0,0],"ix":1},"s":{"a":0,"k":[100,100],"ix":3},"r":{"a":0,"k":0,"ix":6},"o":{"a":0,"k":100,"ix":7},"sk":{"a":0,"k":0,"ix":4},"sa":{"a":0,"k":0,"ix":5},"nm":"Transform"}],"nm":"Group 11","np":4,"cix":2,"bm":0,"ix":11,"mn":"ADBE Vector Group","hd":false},{"ty":"gr","it":[{"ind":0,"ty":"sh","ix":1,"ks":{"a":0,"k":{"i":[[0.184,-0.053],[0.823,-0.124],[-0.248,0.039],[-0.709,0.371]],"o":[[-0.779,0.223],[-0.25,0.037],[0.814,-0.122],[0.171,-0.09]],"v":[[1.032,-0.712],[-1.083,0.348],[-0.978,0.725],[1.162,-0.402]],"c":true},"ix":2},"nm":"Path 1","mn":"ADBE Vector Shape - Group","hd":false},{"ty":"fl","c":{"a":0,"k":[0.849499511719,0.431366355746,0.265743719363,1],"ix":4},"o":{"a":0,"k":100,"ix":5},"r":1,"bm":0,"nm":"Fill 1","mn":"ADBE Vector Graphic - Fill","hd":false},{"ty":"tr","p":{"a":0,"k":[19.196,14.264],"ix":2},"a":{"a":0,"k":[0,0],"ix":1},"s":{"a":0,"k":[100,100],"ix":3},"r":{"a":0,"k":0,"ix":6},"o":{"a":0,"k":100,"ix":7},"sk":{"a":0,"k":0,"ix":4},"sa":{"a":0,"k":0,"ix":5},"nm":"Transform"}],"nm":"Group 12","np":4,"cix":2,"bm":0,"ix":12,"mn":"ADBE Vector Group","hd":false},{"ty":"gr","it":[{"ind":0,"ty":"sh","ix":1,"ks":{"a":0,"k":{"i":[[0,0],[1.436,-1.017],[-0.442,-0.499],[-0.537,-1.014],[-0.585,0.211],[0.238,1.763],[1.064,1.306]],"o":[[0,0],[-1.436,1.017],[0.442,0.499],[0.537,1.014],[0.584,-0.212],[-0.239,-1.763],[-1.064,-1.304]],"v":[[-1.186,-5.635],[-3.492,-5.848],[-3.574,-2.514],[1.419,3.148],[4.344,6.654],[4.245,3.975],[2.124,-1.029]],"c":true},"ix":2},"nm":"Path 1","mn":"ADBE Vector Shape - Group","hd":false},{"ty":"fl","c":{"a":0,"k":[0.963083543964,0.543955485026,0.24977164175,1],"ix":4},"o":{"a":0,"k":100,"ix":5},"r":1,"bm":0,"nm":"Fill 1","mn":"ADBE Vector Graphic - Fill","hd":false},{"ty":"tr","p":{"a":0,"k":[20.841,18.166],"ix":2},"a":{"a":0,"k":[0,0],"ix":1},"s":{"a":0,"k":[100,100],"ix":3},"r":{"a":0,"k":0,"ix":6},"o":{"a":0,"k":100,"ix":7},"sk":{"a":0,"k":0,"ix":4},"sa":{"a":0,"k":0,"ix":5},"nm":"Transform"}],"nm":"Group 13","np":4,"cix":2,"bm":0,"ix":13,"mn":"ADBE Vector Group","hd":false},{"ty":"gr","it":[{"ind":0,"ty":"sh","ix":1,"ks":{"a":0,"k":{"i":[[0,0],[0.406,1.771],[0.381,-0.562],[-0.375,-1.198],[0,0],[0.902,0.12],[-0.306,-0.454],[-0.897,-1.155],[0.657,-0.907],[-1.423,-1.051],[0,0],[1.218,0.798],[0.188,-0.618],[-1.528,-0.587],[0,0]],"o":[[0,0],[-0.237,-1.034],[-0.381,0.56],[0.302,0.966],[0,0],[-0.903,-0.121],[1.021,1.514],[0,0],[-0.657,0.906],[1.091,0.807],[0,0],[-1.834,-1.201],[-0.256,0.839],[3.404,1.308],[0,0]],"v":[[4.495,4.184],[3.042,0.309],[1.346,-4.762],[2.135,-0.371],[3.456,3.479],[-0.413,-2.473],[0.516,0.087],[3.115,3.74],[-3.837,-1.477],[-0.02,1.755],[3.43,4.518],[1.874,3.154],[-3.342,1.113],[-0.283,2.825],[3.516,5.324]],"c":true},"ix":2},"nm":"Path 1","mn":"ADBE Vector Shape - Group","hd":false},{"ty":"fl","c":{"a":0,"k":[0.231436187146,0.400447022681,0.341441554649,1],"ix":4},"o":{"a":0,"k":100,"ix":5},"r":1,"bm":0,"nm":"Fill 1","mn":"ADBE Vector Graphic - Fill","hd":false},{"ty":"tr","p":{"a":0,"k":[13.884,8.267],"ix":2},"a":{"a":0,"k":[0,0],"ix":1},"s":{"a":0,"k":[100,100],"ix":3},"r":{"a":0,"k":0,"ix":6},"o":{"a":0,"k":100,"ix":7},"sk":{"a":0,"k":0,"ix":4},"sa":{"a":0,"k":0,"ix":5},"nm":"Transform"}],"nm":"Group 14","np":4,"cix":2,"bm":0,"ix":14,"mn":"ADBE Vector Group","hd":false},{"ty":"gr","it":[{"ind":0,"ty":"sh","ix":1,"ks":{"a":0,"k":{"i":[[0,0],[0,0]],"o":[[0,0],[0,0]],"v":[[-2.637,3.538],[2.637,-3.538]],"c":false},"ix":2},"nm":"Path 1","mn":"ADBE Vector Shape - Group","hd":false},{"ty":"st","c":{"a":0,"k":[0.800162221871,0.915541884478,0.902066518746,1],"ix":3},"o":{"a":0,"k":100,"ix":4},"w":{"a":0,"k":1.301,"ix":5},"lc":2,"lj":1,"ml":10,"bm":0,"nm":"Stroke 1","mn":"ADBE Vector Graphic - Stroke","hd":false},{"ty":"tr","p":{"a":0,"k":[22.509,13.632],"ix":2},"a":{"a":0,"k":[0,0],"ix":1},"s":{"a":0,"k":[100,100],"ix":3},"r":{"a":0,"k":0,"ix":6},"o":{"a":0,"k":100,"ix":7},"sk":{"a":0,"k":0,"ix":4},"sa":{"a":0,"k":0,"ix":5},"nm":"Transform"}],"nm":"Group 15","np":2,"cix":2,"bm":0,"ix":15,"mn":"ADBE Vector Group","hd":false},{"ty":"gr","it":[{"ind":0,"ty":"sh","ix":1,"ks":{"a":0,"k":{"i":[[0,0],[0,0]],"o":[[0,0],[0,0]],"v":[[-3.013,3.938],[3.013,-3.938]],"c":false},"ix":2},"nm":"Path 1","mn":"ADBE Vector Shape - Group","hd":false},{"ty":"st","c":{"a":0,"k":[0.800162221871,0.915541884478,0.902066518746,1],"ix":3},"o":{"a":0,"k":100,"ix":4},"w":{"a":0,"k":1.301,"ix":5},"lc":2,"lj":1,"ml":10,"bm":0,"nm":"Stroke 1","mn":"ADBE Vector Graphic - Stroke","hd":false},{"ty":"tr","p":{"a":0,"k":[22.863,14.876],"ix":2},"a":{"a":0,"k":[0,0],"ix":1},"s":{"a":0,"k":[100,100],"ix":3},"r":{"a":0,"k":0,"ix":6},"o":{"a":0,"k":100,"ix":7},"sk":{"a":0,"k":0,"ix":4},"sa":{"a":0,"k":0,"ix":5},"nm":"Transform"}],"nm":"Group 16","np":2,"cix":2,"bm":0,"ix":16,"mn":"ADBE Vector Group","hd":false},{"ty":"gr","it":[{"ind":0,"ty":"sh","ix":1,"ks":{"a":0,"k":{"i":[[0,0],[0,0],[0,0],[0,0]],"o":[[0,0],[0,0],[0,0],[0,0]],"v":[[3.462,5.095],[-3.463,5.095],[-3.463,-5.095],[3.462,-5.095]],"c":true},"ix":2},"nm":"Path 1","mn":"ADBE Vector Shape - Group","hd":false},{"ty":"fl","c":{"a":0,"k":[0.800162221871,0.915541884478,0.902066518746,1],"ix":4},"o":{"a":0,"k":100,"ix":5},"r":1,"bm":0,"nm":"Fill 1","mn":"ADBE Vector Graphic - Fill","hd":false},{"ty":"tr","p":{"a":0,"k":[22.898,18.724],"ix":2},"a":{"a":0,"k":[0,0],"ix":1},"s":{"a":0,"k":[100,100],"ix":3},"r":{"a":0,"k":0,"ix":6},"o":{"a":0,"k":100,"ix":7},"sk":{"a":0,"k":0,"ix":4},"sa":{"a":0,"k":0,"ix":5},"nm":"Transform"}],"nm":"Group 17","np":4,"cix":2,"bm":0,"ix":17,"mn":"ADBE Vector Group","hd":false},{"ty":"gr","it":[{"ind":0,"ty":"sh","ix":1,"ks":{"a":0,"k":{"i":[[0,0],[0,0],[0,0],[0,0]],"o":[[0,0],[0,0],[0,0],[0,0]],"v":[[-4,-7.738],[4,-7.738],[4,7.738],[-4,7.738]],"c":true},"ix":2},"nm":"Path 1","mn":"ADBE Vector Shape - Group","hd":false},{"ty":"fl","c":{"a":0,"k":[0.702359307981,0.876050163718,0.851058660769,1],"ix":4},"o":{"a":0,"k":100,"ix":5},"r":1,"bm":0,"nm":"Fill 1","mn":"ADBE Vector Graphic - Fill","hd":false},{"ty":"tr","p":{"a":0,"k":[22.898,16.471],"ix":2},"a":{"a":0,"k":[0,0],"ix":1},"s":{"a":0,"k":[100,100],"ix":3},"r":{"a":0,"k":0,"ix":6},"o":{"a":0,"k":100,"ix":7},"sk":{"a":0,"k":0,"ix":4},"sa":{"a":0,"k":0,"ix":5},"nm":"Transform"}],"nm":"Group 18","np":4,"cix":2,"bm":0,"ix":18,"mn":"ADBE Vector Group","hd":false},{"ty":"gr","it":[{"ind":0,"ty":"sh","ix":1,"ks":{"a":0,"k":{"i":[[0,0],[0,0],[0,0],[0,0]],"o":[[0,0],[0,0],[0,0],[0,0]],"v":[[9.784,0.202],[-9.784,0.202],[-9.784,-0.202],[9.784,-0.202]],"c":true},"ix":2},"nm":"Path 1","mn":"ADBE Vector Shape - Group","hd":false},{"ty":"fl","c":{"a":0,"k":[0.85749021044,0.941752893784,0.95355164771,1],"ix":4},"o":{"a":0,"k":100,"ix":5},"r":1,"bm":0,"nm":"Fill 1","mn":"ADBE Vector Graphic - Fill","hd":false},{"ty":"tr","p":{"a":0,"k":[45.536,13.431],"ix":2},"a":{"a":0,"k":[0,0],"ix":1},"s":{"a":0,"k":[100,100],"ix":3},"r":{"a":0,"k":0,"ix":6},"o":{"a":0,"k":100,"ix":7},"sk":{"a":0,"k":0,"ix":4},"sa":{"a":0,"k":0,"ix":5},"nm":"Transform"}],"nm":"Group 19","np":4,"cix":2,"bm":0,"ix":19,"mn":"ADBE Vector Group","hd":false},{"ty":"gr","it":[{"ind":0,"ty":"sh","ix":1,"ks":{"a":0,"k":{"i":[[5.337,0],[0,0],[0,5.338],[0,0],[0,0],[0,0]],"o":[[0,0],[-5.337,0],[0,0],[0,0],[0,0],[0,5.338]],"v":[[0.001,5.782],[0.001,5.782],[-9.665,-3.883],[-9.665,-5.782],[9.665,-5.782],[9.665,-3.883]],"c":true},"ix":2},"nm":"Path 1","mn":"ADBE Vector Shape - Group","hd":false},{"ty":"fl","c":{"a":0,"k":[0.589915017521,0.776821420707,0.782229554419,1],"ix":4},"o":{"a":0,"k":100,"ix":5},"r":1,"bm":0,"nm":"Fill 1","mn":"ADBE Vector Graphic - Fill","hd":false},{"ty":"tr","p":{"a":0,"k":[45.568,19.179],"ix":2},"a":{"a":0,"k":[0,0],"ix":1},"s":{"a":0,"k":[100,100],"ix":3},"r":{"a":0,"k":0,"ix":6},"o":{"a":0,"k":100,"ix":7},"sk":{"a":0,"k":0,"ix":4},"sa":{"a":0,"k":0,"ix":5},"nm":"Transform"}],"nm":"Group 20","np":4,"cix":2,"bm":0,"ix":20,"mn":"ADBE Vector Group","hd":false},{"ty":"gr","it":[{"ind":0,"ty":"sh","ix":1,"ks":{"a":0,"k":{"i":[[-0.043,-0.046],[0.318,-1.062],[0,0],[-1.019,0.441],[-0.063,0.034],[-0.059,0.04],[-0.058,0.106],[0.168,0.124],[0.253,-0.036],[0.212,-0.049],[0.02,0.055],[-0.846,0.279],[-0.263,0.051],[-0.172,-0.005],[-0.154,-0.11],[-0.036,-0.2],[0.097,-0.167],[0.311,-0.134],[0.819,-0.138],[0,0],[0,0]],"o":[[0.043,0.045],[0,0],[0.77,-0.183],[0.078,-0.032],[0.07,-0.031],[0.116,-0.081],[0.13,-0.21],[-0.168,-0.131],[-0.247,0.034],[-0.846,0.204],[-0.019,-0.049],[0.212,-0.067],[0.137,-0.023],[0.163,0.007],[0.154,0.107],[0.038,0.201],[-0.19,0.345],[-1.049,0.453],[0,0],[0,0],[0.421,-1.121]],"v":[[-1.228,-0.579],[-1.684,1.255],[-1.861,1.051],[0.914,0.113],[1.128,0.014],[1.316,-0.098],[1.59,-0.38],[1.51,-0.947],[0.849,-1.027],[0.159,-0.893],[-1.228,-0.579],[0.084,-1.165],[0.794,-1.352],[1.228,-1.4],[1.725,-1.245],[2.038,-0.762],[1.929,-0.186],[1.072,0.479],[-1.805,1.359],[-2.076,1.406],[-1.982,1.154]],"c":true},"ix":2},"nm":"Path 1","mn":"ADBE Vector Shape - Group","hd":false},{"ty":"fl","c":{"a":0,"k":[0.204622410793,0.204736836751,0.20461286657,1],"ix":4},"o":{"a":0,"k":100,"ix":5},"r":1,"bm":0,"nm":"Fill 1","mn":"ADBE Vector Graphic - Fill","hd":false},{"ty":"tr","p":{"a":0,"k":[56.21,15.794],"ix":2},"a":{"a":0,"k":[0,0],"ix":1},"s":{"a":0,"k":[100,100],"ix":3},"r":{"a":0,"k":0,"ix":6},"o":{"a":0,"k":100,"ix":7},"sk":{"a":0,"k":0,"ix":4},"sa":{"a":0,"k":0,"ix":5},"nm":"Transform"}],"nm":"Group 21","np":4,"cix":2,"bm":0,"ix":21,"mn":"ADBE Vector Group","hd":false},{"ty":"gr","it":[{"ind":0,"ty":"sh","ix":1,"ks":{"a":0,"k":{"i":[[-0.043,0.045],[-0.42,-1.121],[0,0],[0,0],[1.05,0.454],[0.19,0.347],[-0.04,0.2],[-0.155,0.106],[-0.163,0.005],[0,0],[0,0],[-0.065,-0.005],[-0.208,-0.075],[-0.222,-0.109],[0.022,-0.017],[0.223,0.059],[0.4,0.117],[0.247,0.005],[0.066,0.002],[0,0],[0,0],[0.081,-0.066],[-0.128,-0.21],[-0.296,-0.125],[-0.77,-0.183],[0,0]],"o":[[0.043,-0.046],[0,0],[0,0],[-0.821,-0.138],[-0.313,-0.135],[-0.095,-0.169],[0.037,-0.201],[0.155,-0.11],[0,0],[0,0],[0.067,0.005],[0.272,0.021],[0.421,0.154],[0.237,0.117],[-0.022,0.017],[-0.262,-0.077],[-0.211,-0.056],[-0.064,-0.002],[0,0],[0,0],[-0.108,0.009],[-0.169,0.122],[0.122,0.219],[1.02,0.443],[0,0],[-0.319,-1.062]],"v":[[1.228,-0.581],[1.981,1.152],[2.076,1.402],[1.805,1.357],[-1.076,0.475],[-1.933,-0.193],[-2.036,-0.771],[-1.719,-1.253],[-1.22,-1.402],[-1.099,-1.4],[-1,-1.393],[-0.802,-1.376],[-0.067,-1.206],[0.899,-0.792],[1.228,-0.581],[0.844,-0.646],[-0.151,-0.938],[-0.824,-1.046],[-1.02,-1.053],[-1.123,-1.057],[-1.207,-1.053],[-1.507,-0.952],[-1.593,-0.385],[-0.918,0.109],[1.86,1.049],[1.684,1.253]],"c":true},"ix":2},"nm":"Path 1","mn":"ADBE Vector Shape - Group","hd":false},{"ty":"fl","c":{"a":0,"k":[0.204622410793,0.204736836751,0.20461286657,1],"ix":4},"o":{"a":0,"k":100,"ix":5},"r":1,"bm":0,"nm":"Fill 1","mn":"ADBE Vector Graphic - Fill","hd":false},{"ty":"tr","p":{"a":0,"k":[34.619,15.796],"ix":2},"a":{"a":0,"k":[0,0],"ix":1},"s":{"a":0,"k":[100,100],"ix":3},"r":{"a":0,"k":0,"ix":6},"o":{"a":0,"k":100,"ix":7},"sk":{"a":0,"k":0,"ix":4},"sa":{"a":0,"k":0,"ix":5},"nm":"Transform"}],"nm":"Group 22","np":4,"cix":2,"bm":0,"ix":22,"mn":"ADBE Vector Group","hd":false},{"ty":"gr","it":[{"ind":0,"ty":"sh","ix":1,"ks":{"a":0,"k":{"i":[[0,0],[0,0],[0,0],[0,0]],"o":[[0,0],[0,0],[0,0],[0,0]],"v":[[-14.547,-0.924],[14.547,-0.924],[14.547,0.924],[-14.547,0.924]],"c":true},"ix":2},"nm":"Path 1","mn":"ADBE Vector Shape - Group","hd":false},{"ty":"fl","c":{"a":0,"k":[0.204622410793,0.204736836751,0.20461286657,1],"ix":4},"o":{"a":0,"k":100,"ix":5},"r":1,"bm":0,"nm":"Fill 1","mn":"ADBE Vector Graphic - Fill","hd":false},{"ty":"tr","p":{"a":0,"k":[47.64,25.859],"ix":2},"a":{"a":0,"k":[0,0],"ix":1},"s":{"a":0,"k":[100,100],"ix":3},"r":{"a":0,"k":0,"ix":6},"o":{"a":0,"k":100,"ix":7},"sk":{"a":0,"k":0,"ix":4},"sa":{"a":0,"k":0,"ix":5},"nm":"Transform"}],"nm":"Group 23","np":2,"cix":2,"bm":0,"ix":23,"mn":"ADBE Vector Group","hd":false},{"ty":"gr","it":[{"ind":0,"ty":"sh","ix":1,"ks":{"a":0,"k":{"i":[[0,0],[0,0],[0,0],[0,0]],"o":[[0,0],[0,0],[0,0],[0,0]],"v":[[35.501,0.88],[-35.501,0.88],[-35.501,-0.881],[35.501,-0.881]],"c":true},"ix":2},"nm":"Path 1","mn":"ADBE Vector Shape - Group","hd":false},{"ty":"fl","c":{"a":0,"k":[0.942020730411,0.806368300494,0.335119030522,1],"ix":4},"o":{"a":0,"k":100,"ix":5},"r":1,"bm":0,"nm":"Fill 1","mn":"ADBE Vector Graphic - Fill","hd":false},{"ty":"tr","p":{"a":0,"k":[46.752,27.61],"ix":2},"a":{"a":0,"k":[0,0],"ix":1},"s":{"a":0,"k":[100,100],"ix":3},"r":{"a":0,"k":0,"ix":6},"o":{"a":0,"k":100,"ix":7},"sk":{"a":0,"k":0,"ix":4},"sa":{"a":0,"k":0,"ix":5},"nm":"Transform"}],"nm":"Group 24","np":2,"cix":2,"bm":0,"ix":24,"mn":"ADBE Vector Group","hd":false}],"ip":0,"op":210.000008553475,"st":0,"bm":0},{"ddd":0,"ind":3,"ty":4,"nm":"Shape Layer 6","sr":1,"ks":{"o":{"a":0,"k":100,"ix":11},"r":{"a":0,"k":0,"ix":10},"p":{"a":0,"k":[482,520,0],"ix":2,"l":2},"a":{"a":0,"k":[-356,-210,0],"ix":1,"l":2},"s":{"a":0,"k":[41.54,30.042,100],"ix":6,"l":2}},"ao":0,"shapes":[{"ty":"gr","it":[{"ind":0,"ty":"sh","ix":1,"ks":{"a":0,"k":{"i":[[0,0],[68,96],[0,0]],"o":[[0,0],[-68,-96],[0,0]],"v":[[-364,-50],[-362,-202],[-322,-346]],"c":false},"ix":2},"nm":"Path 1","mn":"ADBE Vector Shape - Group","hd":false},{"ty":"st","c":{"a":0,"k":[1,1,1,1],"ix":3},"o":{"a":0,"k":100,"ix":4},"w":{"a":0,"k":10,"ix":5},"lc":1,"lj":1,"ml":4,"bm":0,"d":[{"n":"d","nm":"dash","v":{"a":0,"k":367,"ix":1}},{"n":"o","nm":"offset","v":{"a":1,"k":[{"i":{"x":[0.833],"y":[0.836]},"o":{"x":[0.167],"y":[0.167]},"t":16,"s":[385]},{"i":{"x":[0.833],"y":[0.833]},"o":{"x":[0.167],"y":[0.169]},"t":40,"s":[0]},{"t":63.0000025660426,"s":[-358]}],"ix":7}}],"nm":"Stroke 1","mn":"ADBE Vector Graphic - Stroke","hd":false},{"ty":"tr","p":{"a":0,"k":[0,0],"ix":2},"a":{"a":0,"k":[0,0],"ix":1},"s":{"a":0,"k":[100,100],"ix":3},"r":{"a":0,"k":0,"ix":6},"o":{"a":0,"k":100,"ix":7},"sk":{"a":0,"k":0,"ix":4},"sa":{"a":0,"k":0,"ix":5},"nm":"Transform"}],"nm":"Shape 1","np":3,"cix":2,"bm":0,"ix":1,"mn":"ADBE Vector Group","hd":false}],"ip":16.0000006516934,"op":67.0000027289659,"st":16.0000006516934,"bm":0},{"ddd":0,"ind":4,"ty":4,"nm":"Shape Layer 5","sr":1,"ks":{"o":{"a":0,"k":100,"ix":11},"r":{"a":0,"k":0,"ix":10},"p":{"a":0,"k":[482,520,0],"ix":2,"l":2},"a":{"a":0,"k":[-356,-210,0],"ix":1,"l":2},"s":{"a":0,"k":[41.54,30.042,100],"ix":6,"l":2}},"ao":0,"shapes":[{"ty":"gr","it":[{"ind":0,"ty":"sh","ix":1,"ks":{"a":0,"k":{"i":[[0,0],[68,96],[0,0]],"o":[[0,0],[-68,-96],[0,0]],"v":[[-364,-50],[-362,-202],[-322,-346]],"c":false},"ix":2},"nm":"Path 1","mn":"ADBE Vector Shape - Group","hd":false},{"ty":"st","c":{"a":0,"k":[1,1,1,1],"ix":3},"o":{"a":0,"k":100,"ix":4},"w":{"a":0,"k":10,"ix":5},"lc":1,"lj":1,"ml":4,"bm":0,"d":[{"n":"d","nm":"dash","v":{"a":0,"k":367,"ix":1}},{"n":"o","nm":"offset","v":{"a":1,"k":[{"i":{"x":[0.833],"y":[0.836]},"o":{"x":[0.167],"y":[0.167]},"t":133,"s":[385]},{"i":{"x":[0.833],"y":[0.833]},"o":{"x":[0.167],"y":[0.169]},"t":157,"s":[0]},{"t":180.00000733155,"s":[-358]}],"ix":7}}],"nm":"Stroke 1","mn":"ADBE Vector Graphic - Stroke","hd":false},{"ty":"tr","p":{"a":0,"k":[0,0],"ix":2},"a":{"a":0,"k":[0,0],"ix":1},"s":{"a":0,"k":[100,100],"ix":3},"r":{"a":0,"k":0,"ix":6},"o":{"a":0,"k":100,"ix":7},"sk":{"a":0,"k":0,"ix":4},"sa":{"a":0,"k":0,"ix":5},"nm":"Transform"}],"nm":"Shape 1","np":3,"cix":2,"bm":0,"ix":1,"mn":"ADBE Vector Group","hd":false}],"ip":133.000005417201,"op":184.000007494474,"st":133.000005417201,"bm":0},{"ddd":0,"ind":5,"ty":4,"nm":"Shape Layer 4","sr":1,"ks":{"o":{"a":0,"k":100,"ix":11},"r":{"a":0,"k":0,"ix":10},"p":{"a":0,"k":[534,652,0],"ix":2,"l":2},"a":{"a":0,"k":[-356,-210,0],"ix":1,"l":2},"s":{"a":0,"k":[58.824,42.542,100],"ix":6,"l":2}},"ao":0,"shapes":[{"ty":"gr","it":[{"ind":0,"ty":"sh","ix":1,"ks":{"a":0,"k":{"i":[[0,0],[68,96],[0,0]],"o":[[0,0],[-68,-96],[0,0]],"v":[[-364,-50],[-362,-202],[-322,-346]],"c":false},"ix":2},"nm":"Path 1","mn":"ADBE Vector Shape - Group","hd":false},{"ty":"st","c":{"a":0,"k":[1,1,1,1],"ix":3},"o":{"a":0,"k":100,"ix":4},"w":{"a":0,"k":10,"ix":5},"lc":1,"lj":1,"ml":4,"bm":0,"d":[{"n":"d","nm":"dash","v":{"a":0,"k":367,"ix":1}},{"n":"o","nm":"offset","v":{"a":1,"k":[{"i":{"x":[0.833],"y":[0.836]},"o":{"x":[0.167],"y":[0.167]},"t":114,"s":[385]},{"i":{"x":[0.833],"y":[0.833]},"o":{"x":[0.167],"y":[0.169]},"t":138,"s":[0]},{"t":161.000006557664,"s":[-358]}],"ix":7}}],"nm":"Stroke 1","mn":"ADBE Vector Graphic - Stroke","hd":false},{"ty":"tr","p":{"a":0,"k":[0,0],"ix":2},"a":{"a":0,"k":[0,0],"ix":1},"s":{"a":0,"k":[100,100],"ix":3},"r":{"a":0,"k":0,"ix":6},"o":{"a":0,"k":100,"ix":7},"sk":{"a":0,"k":0,"ix":4},"sa":{"a":0,"k":0,"ix":5},"nm":"Transform"}],"nm":"Shape 1","np":3,"cix":2,"bm":0,"ix":1,"mn":"ADBE Vector Group","hd":false}],"ip":114.000004643315,"op":165.000006720588,"st":114.000004643315,"bm":0},{"ddd":0,"ind":6,"ty":4,"nm":"Shape Layer 3","sr":1,"ks":{"o":{"a":0,"k":100,"ix":11},"r":{"a":0,"k":0,"ix":10},"p":{"a":0,"k":[462,690,0],"ix":2,"l":2},"a":{"a":0,"k":[-356,-210,0],"ix":1,"l":2},"s":{"a":0,"k":[82.353,59.559,100],"ix":6,"l":2}},"ao":0,"shapes":[{"ty":"gr","it":[{"ind":0,"ty":"sh","ix":1,"ks":{"a":0,"k":{"i":[[0,0],[68,96],[0,0]],"o":[[0,0],[-68,-96],[0,0]],"v":[[-364,-50],[-362,-202],[-322,-346]],"c":false},"ix":2},"nm":"Path 1","mn":"ADBE Vector Shape - Group","hd":false},{"ty":"st","c":{"a":0,"k":[1,1,1,1],"ix":3},"o":{"a":0,"k":100,"ix":4},"w":{"a":0,"k":10,"ix":5},"lc":1,"lj":1,"ml":4,"bm":0,"d":[{"n":"d","nm":"dash","v":{"a":0,"k":367,"ix":1}},{"n":"o","nm":"offset","v":{"a":1,"k":[{"i":{"x":[0.833],"y":[0.836]},"o":{"x":[0.167],"y":[0.167]},"t":84,"s":[385]},{"i":{"x":[0.833],"y":[0.833]},"o":{"x":[0.167],"y":[0.169]},"t":108,"s":[0]},{"t":131.000005335739,"s":[-358]}],"ix":7}}],"nm":"Stroke 1","mn":"ADBE Vector Graphic - Stroke","hd":false},{"ty":"tr","p":{"a":0,"k":[0,0],"ix":2},"a":{"a":0,"k":[0,0],"ix":1},"s":{"a":0,"k":[100,100],"ix":3},"r":{"a":0,"k":0,"ix":6},"o":{"a":0,"k":100,"ix":7},"sk":{"a":0,"k":0,"ix":4},"sa":{"a":0,"k":0,"ix":5},"nm":"Transform"}],"nm":"Shape 1","np":3,"cix":2,"bm":0,"ix":1,"mn":"ADBE Vector Group","hd":false}],"ip":84.0000034213901,"op":135.000005498663,"st":84.0000034213901,"bm":0},{"ddd":0,"ind":7,"ty":4,"nm":"Shape Layer 7","sr":1,"ks":{"o":{"a":0,"k":100,"ix":11},"r":{"a":0,"k":0,"ix":10},"p":{"a":0,"k":[534,520,0],"ix":2,"l":2},"a":{"a":0,"k":[-356,-210,0],"ix":1,"l":2},"s":{"a":0,"k":[48.453,35.042,100],"ix":6,"l":2}},"ao":0,"shapes":[{"ty":"gr","it":[{"ind":0,"ty":"sh","ix":1,"ks":{"a":0,"k":{"i":[[0,0],[68,96],[0,0]],"o":[[0,0],[-68,-96],[0,0]],"v":[[-364,-50],[-362,-202],[-322,-346]],"c":false},"ix":2},"nm":"Path 1","mn":"ADBE Vector Shape - Group","hd":false},{"ty":"st","c":{"a":0,"k":[1,1,1,1],"ix":3},"o":{"a":0,"k":100,"ix":4},"w":{"a":0,"k":10,"ix":5},"lc":1,"lj":1,"ml":4,"bm":0,"d":[{"n":"d","nm":"dash","v":{"a":0,"k":367,"ix":1}},{"n":"o","nm":"offset","v":{"a":1,"k":[{"i":{"x":[0.833],"y":[0.836]},"o":{"x":[0.167],"y":[0.167]},"t":42,"s":[385]},{"i":{"x":[0.833],"y":[0.833]},"o":{"x":[0.167],"y":[0.169]},"t":66,"s":[0]},{"t":89.0000036250443,"s":[-358]}],"ix":7}}],"nm":"Stroke 1","mn":"ADBE Vector Graphic - Stroke","hd":false},{"ty":"tr","p":{"a":0,"k":[0,0],"ix":2},"a":{"a":0,"k":[0,0],"ix":1},"s":{"a":0,"k":[100,100],"ix":3},"r":{"a":0,"k":0,"ix":6},"o":{"a":0,"k":100,"ix":7},"sk":{"a":0,"k":0,"ix":4},"sa":{"a":0,"k":0,"ix":5},"nm":"Transform"}],"nm":"Shape 1","np":3,"cix":2,"bm":0,"ix":1,"mn":"ADBE Vector Group","hd":false}],"ip":42.0000017106951,"op":93.0000037879676,"st":42.0000017106951,"bm":0},{"ddd":0,"ind":8,"ty":4,"nm":"Shape Layer 2","sr":1,"ks":{"o":{"a":0,"k":100,"ix":11},"r":{"a":0,"k":0,"ix":10},"p":{"a":0,"k":[552,676,0],"ix":2,"l":2},"a":{"a":0,"k":[-356,-210,0],"ix":1,"l":2},"s":{"a":0,"k":[58.824,42.542,100],"ix":6,"l":2}},"ao":0,"shapes":[{"ty":"gr","it":[{"ind":0,"ty":"sh","ix":1,"ks":{"a":0,"k":{"i":[[0,0],[68,96],[0,0]],"o":[[0,0],[-68,-96],[0,0]],"v":[[-364,-50],[-362,-202],[-322,-346]],"c":false},"ix":2},"nm":"Path 1","mn":"ADBE Vector Shape - Group","hd":false},{"ty":"st","c":{"a":0,"k":[1,1,1,1],"ix":3},"o":{"a":0,"k":100,"ix":4},"w":{"a":0,"k":10,"ix":5},"lc":1,"lj":1,"ml":4,"bm":0,"d":[{"n":"d","nm":"dash","v":{"a":0,"k":367,"ix":1}},{"n":"o","nm":"offset","v":{"a":1,"k":[{"i":{"x":[0.833],"y":[0.836]},"o":{"x":[0.167],"y":[0.167]},"t":30,"s":[385]},{"i":{"x":[0.833],"y":[0.833]},"o":{"x":[0.167],"y":[0.169]},"t":54,"s":[0]},{"t":77.0000031362743,"s":[-358]}],"ix":7}}],"nm":"Stroke 1","mn":"ADBE Vector Graphic - Stroke","hd":false},{"ty":"tr","p":{"a":0,"k":[0,0],"ix":2},"a":{"a":0,"k":[0,0],"ix":1},"s":{"a":0,"k":[100,100],"ix":3},"r":{"a":0,"k":0,"ix":6},"o":{"a":0,"k":100,"ix":7},"sk":{"a":0,"k":0,"ix":4},"sa":{"a":0,"k":0,"ix":5},"nm":"Transform"}],"nm":"Shape 1","np":3,"cix":2,"bm":0,"ix":1,"mn":"ADBE Vector Group","hd":false}],"ip":30.0000012219251,"op":81.0000032991976,"st":30.0000012219251,"bm":0},{"ddd":0,"ind":9,"ty":4,"nm":"Shape Layer 1","sr":1,"ks":{"o":{"a":0,"k":100,"ix":11},"r":{"a":0,"k":0,"ix":10},"p":{"a":0,"k":[462,690,0],"ix":2,"l":2},"a":{"a":0,"k":[-356,-210,0],"ix":1,"l":2},"s":{"a":0,"k":[82.353,59.559,100],"ix":6,"l":2}},"ao":0,"shapes":[{"ty":"gr","it":[{"ind":0,"ty":"sh","ix":1,"ks":{"a":0,"k":{"i":[[0,0],[68,96],[0,0]],"o":[[0,0],[-68,-96],[0,0]],"v":[[-364,-50],[-362,-202],[-322,-346]],"c":false},"ix":2},"nm":"Path 1","mn":"ADBE Vector Shape - Group","hd":false},{"ty":"st","c":{"a":0,"k":[1,1,1,1],"ix":3},"o":{"a":0,"k":100,"ix":4},"w":{"a":0,"k":10,"ix":5},"lc":1,"lj":1,"ml":4,"bm":0,"d":[{"n":"d","nm":"dash","v":{"a":0,"k":367,"ix":1}},{"n":"o","nm":"offset","v":{"a":1,"k":[{"i":{"x":[0.833],"y":[0.836]},"o":{"x":[0.167],"y":[0.167]},"t":0,"s":[385]},{"i":{"x":[0.833],"y":[0.833]},"o":{"x":[0.167],"y":[0.169]},"t":24,"s":[0]},{"t":47.0000019143492,"s":[-358]}],"ix":7}}],"nm":"Stroke 1","mn":"ADBE Vector Graphic - Stroke","hd":false},{"ty":"tr","p":{"a":0,"k":[0,0],"ix":2},"a":{"a":0,"k":[0,0],"ix":1},"s":{"a":0,"k":[100,100],"ix":3},"r":{"a":0,"k":0,"ix":6},"o":{"a":0,"k":100,"ix":7},"sk":{"a":0,"k":0,"ix":4},"sa":{"a":0,"k":0,"ix":5},"nm":"Transform"}],"nm":"Shape 1","np":3,"cix":2,"bm":0,"ix":1,"mn":"ADBE Vector Group","hd":false}],"ip":0,"op":51.0000020772726,"st":0,"bm":0},{"ddd":0,"ind":10,"ty":4,"nm":"KC Outlines","sr":1,"ks":{"o":{"a":0,"k":100,"ix":11},"r":{"a":0,"k":0,"ix":10},"p":{"a":0,"k":[496,670,0],"ix":2,"l":2},"a":{"a":0,"k":[10.303,22.837,0],"ix":1,"l":2},"s":{"a":0,"k":[1224.359,1224.359,100],"ix":6,"l":2}},"ao":0,"shapes":[{"ty":"gr","it":[{"ind":0,"ty":"sh","ix":1,"ks":{"a":0,"k":{"i":[[0.023,0.022],[0.082,0.457],[0.72,0.417],[0.493,0.095],[0.594,0.051],[0.661,0.192],[0.551,0.548],[0.131,0.362],[0,0],[0,0],[-0.167,0.043],[-0.125,-0.035],[-0.101,-0.097],[-0.019,-0.167],[0.176,-0.146],[0.209,-0.022],[0.248,0.176],[0.211,0.169],[0.674,0.391],[-0.021,0.112],[-0.448,-0.065],[-0.739,-0.358],[-0.855,-0.649],[-0.32,0.051],[-0.05,0.046],[-0.007,0.018],[-0.002,0.008],[-0.002,0.004],[0,0],[0,0],[0.039,0.002],[0,0],[0,0],[0.024,-0.013],[0.012,0.001],[0.023,0.007],[0.006,0.001],[0.003,0.009],[0.009,0.021],[-0.091,-0.028],[0,0],[-0.222,-0.221],[-0.58,-0.177],[-0.59,-0.073],[-0.829,-0.545],[-0.01,-0.552]],"o":[[-0.057,-0.022],[-0.082,-0.445],[-0.348,-0.2],[-0.498,-0.096],[-0.59,-0.056],[-0.653,-0.191],[-0.285,-0.284],[0,0],[0,0],[0.039,-0.171],[0.167,-0.053],[0.125,0.037],[0.101,0.094],[0.032,0.309],[-0.18,0.146],[-0.452,0.028],[-0.245,-0.186],[-0.824,-0.672],[-1.348,-0.791],[0.004,-0.038],[0.448,0.062],[0.741,0.355],[0.424,0.306],[0.081,-0.01],[0.026,-0.022],[0.004,-0.008],[0,-0.004],[0,0],[0,0],[-0.009,0],[0,0],[0,0],[0.002,-0.001],[-0.026,0.018],[-0.009,-0.009],[-0.012,-0.002],[-0.003,-0.001],[-0.003,-0.022],[-0.026,-0.078],[0,0],[0.098,0.265],[0.425,0.427],[0.579,0.179],[1.172,0.129],[0.811,0.548],[0.001,0.564]],"v":[[7.036,3.92],[7.035,3.175],[5.848,1.687],[4.546,1.251],[2.902,1.057],[1.003,0.754],[-0.881,-0.289],[-1.525,-1.285],[-1.56,-1.383],[-1.532,-1.502],[-1.152,-1.895],[-0.719,-1.897],[-0.379,-1.702],[-0.171,-1.297],[-0.471,-0.602],[-1.062,-0.364],[-2.074,-0.722],[-2.723,-1.245],[-4.969,-2.872],[-7.286,-3.878],[-6.583,-3.877],[-4.749,-3.286],[-2.34,-1.734],[-1.126,-1.03],[-0.908,-1.122],[-0.859,-1.184],[-0.851,-1.208],[-0.85,-1.22],[-0.85,-1.222],[-0.85,-1.223],[-0.805,-1.222],[-0.805,-1.221],[-0.799,-1.221],[-0.833,-1.207],[-0.853,-1.204],[-0.909,-1.233],[-0.936,-1.237],[-0.941,-1.24],[-0.954,-1.299],[-0.921,-1.325],[-0.872,-1.525],[-0.383,-0.782],[1.199,0.097],[2.971,0.416],[6.109,1.268],[7.305,3.147]],"c":true},"ix":2},"nm":"Path 1","mn":"ADBE Vector Shape - Group","hd":false},{"ty":"fl","c":{"a":0,"k":[0.204622410793,0.204736836751,0.20461286657,1],"ix":4},"o":{"a":0,"k":100,"ix":5},"r":1,"bm":0,"nm":"Fill 1","mn":"ADBE Vector Graphic - Fill","hd":false},{"ty":"tr","p":{"a":0,"k":[25.25,33.084],"ix":2},"a":{"a":0,"k":[0,0],"ix":1},"s":{"a":0,"k":[100,100],"ix":3},"r":{"a":0,"k":0,"ix":6},"o":{"a":0,"k":100,"ix":7},"sk":{"a":0,"k":0,"ix":4},"sa":{"a":0,"k":0,"ix":5},"nm":"Transform"}],"nm":"Group 1","np":2,"cix":2,"bm":0,"ix":1,"mn":"ADBE Vector Group","hd":false},{"ty":"gr","it":[{"ind":0,"ty":"sh","ix":1,"ks":{"a":0,"k":{"i":[[0.02,0.082],[-1.456,0.72],[-0.294,0.308],[-0.057,0.089],[-0.018,0.067],[0.002,0.004],[0.085,0.003],[0.09,-0.034],[0.107,-0.064],[0.232,-0.178],[0.5,-0.382],[0.067,-0.051],[0,0],[-0.395,0.944],[0,0],[-0.008,0.03],[-0.001,-0.006],[-0.045,-0.01],[0.023,-0.008],[0.043,-0.032],[0.083,-0.073],[0.232,-0.307],[0.226,-0.382],[0.044,0.019],[-0.151,0.424],[-0.441,0.701],[-0.37,0.339],[-0.101,0.083],[-0.093,0.04],[-0.173,-0.071],[-0.012,-0.129],[0.02,-0.089],[0.021,-0.064],[0,0],[0.861,-0.942],[0,0],[-0.073,0.056],[-0.474,0.359],[-0.272,0.15],[-0.17,0.062],[-0.189,-0.011],[-0.169,-0.215],[0.066,-0.167],[0.084,-0.12],[0.099,-0.094],[0.388,-0.165]],"o":[[-0.03,-0.104],[0.355,-0.182],[0.073,-0.077],[0.057,-0.086],[0.02,-0.074],[0.004,-0.001],[-0.084,-0.003],[-0.091,0.037],[-0.224,0.131],[-0.472,0.362],[-0.073,0.056],[0,0],[0.802,-0.873],[0,0],[0.024,-0.06],[0.012,-0.036],[-0.005,0.003],[0.055,0.019],[-0.021,0.008],[-0.091,0.068],[-0.34,0.279],[-0.462,0.619],[-0.223,0.385],[-0.043,-0.02],[0.154,-0.422],[0.222,-0.349],[0.089,-0.088],[0.051,-0.042],[0.09,-0.039],[0.163,0.058],[0.02,0.133],[-0.024,0.095],[0,0],[-0.387,1.025],[0,0],[0.067,-0.052],[0.502,-0.379],[0.24,-0.178],[0.141,-0.077],[0.174,-0.058],[0.181,0.018],[0.165,0.208],[-0.063,0.178],[-0.084,0.118],[-0.4,0.375],[-1.562,0.628]],"v":[[-2.026,2.324],[0.383,1.201],[1.412,0.495],[1.609,0.247],[1.742,-0.012],[1.74,-0.096],[1.609,-0.128],[1.332,-0.079],[1.006,0.085],[0.328,0.559],[-1.13,1.678],[-1.343,1.84],[-1.813,1.327],[-0.025,-1.469],[0.047,-1.646],[0.105,-1.796],[0.119,-1.861],[0.197,-1.775],[0.248,-1.768],[0.154,-1.712],[-0.112,-1.508],[-0.961,-0.605],[-1.952,0.965],[-2.358,1.54],[-2.194,0.852],[-1.361,-0.883],[-0.489,-1.939],[-0.197,-2.189],[0.022,-2.322],[0.436,-2.335],[0.727,-1.958],[0.709,-1.641],[0.639,-1.424],[0.568,-1.232],[-1.297,1.799],[-1.766,1.285],[-1.553,1.122],[-0.086,0.014],[0.676,-0.495],[1.113,-0.699],[1.65,-0.771],[2.236,-0.486],[2.327,0.178],[2.099,0.59],[1.82,0.906],[0.59,1.65]],"c":true},"ix":2},"nm":"Path 1","mn":"ADBE Vector Shape - Group","hd":false},{"ty":"fl","c":{"a":0,"k":[0.204622410793,0.204736836751,0.20461286657,1],"ix":4},"o":{"a":0,"k":100,"ix":5},"r":1,"bm":0,"nm":"Fill 1","mn":"ADBE Vector Graphic - Fill","hd":false},{"ty":"tr","p":{"a":0,"k":[26.03,30.112],"ix":2},"a":{"a":0,"k":[0,0],"ix":1},"s":{"a":0,"k":[100,100],"ix":3},"r":{"a":0,"k":0,"ix":6},"o":{"a":0,"k":100,"ix":7},"sk":{"a":0,"k":0,"ix":4},"sa":{"a":0,"k":0,"ix":5},"nm":"Transform"}],"nm":"Group 2","np":2,"cix":2,"bm":0,"ix":2,"mn":"ADBE Vector Group","hd":false},{"ty":"gr","it":[{"ind":0,"ty":"sh","ix":1,"ks":{"a":0,"k":{"i":[[-0.052,-0.067],[0.378,-0.874],[0.406,-1.445],[0.194,0.036],[-0.812,2.916],[-0.544,0.882]],"o":[[0.075,0.077],[-0.393,0.863],[-0.803,2.881],[-0.186,-0.034],[0.408,-1.445],[0.53,-0.889]],"v":[[1.768,-5.097],[1.061,-3.693],[-0.066,-0.076],[-1.658,5.128],[-0.74,-0.264],[0.622,-3.921]],"c":true},"ix":2},"nm":"Path 1","mn":"ADBE Vector Shape - Group","hd":false},{"ty":"fl","c":{"a":0,"k":[0.204622410793,0.204736836751,0.20461286657,1],"ix":4},"o":{"a":0,"k":100,"ix":5},"r":1,"bm":0,"nm":"Fill 1","mn":"ADBE Vector Graphic - Fill","hd":false},{"ty":"tr","p":{"a":0,"k":[7.225,5.987],"ix":2},"a":{"a":0,"k":[0,0],"ix":1},"s":{"a":0,"k":[100,84.544],"ix":3},"r":{"a":0,"k":0,"ix":6},"o":{"a":0,"k":100,"ix":7},"sk":{"a":0,"k":0,"ix":4},"sa":{"a":0,"k":0,"ix":5},"nm":"Transform"}],"nm":"Group 3","np":2,"cix":2,"bm":0,"ix":3,"mn":"ADBE Vector Group","hd":false},{"ty":"gr","it":[{"ind":0,"ty":"sh","ix":1,"ks":{"a":0,"k":{"i":[[0.195,0.027],[-0.558,2.513],[-0.181,-0.056],[0.547,-2.484]],"o":[[-0.187,-0.025],[0.554,-2.515],[0.188,0.058],[-0.552,2.482]],"v":[[-1,4.533],[-0.501,-0.096],[0.999,-4.504],[0.182,0.055]],"c":true},"ix":2},"nm":"Path 1","mn":"ADBE Vector Shape - Group","hd":false},{"ty":"fl","c":{"a":0,"k":[0.204622410793,0.204736836751,0.20461286657,1],"ix":4},"o":{"a":0,"k":100,"ix":5},"r":1,"bm":0,"nm":"Fill 1","mn":"ADBE Vector Graphic - Fill","hd":false},{"ty":"tr","p":{"a":0,"k":[17.624,6.314],"ix":2},"a":{"a":0,"k":[0,0],"ix":1},"s":{"a":0,"k":[100,85.892],"ix":3},"r":{"a":0,"k":0,"ix":6},"o":{"a":0,"k":100,"ix":7},"sk":{"a":0,"k":0,"ix":4},"sa":{"a":0,"k":0,"ix":5},"nm":"Transform"}],"nm":"Group 4","np":2,"cix":2,"bm":0,"ix":4,"mn":"ADBE Vector Group","hd":false},{"ty":"gr","it":[{"ind":0,"ty":"sh","ix":1,"ks":{"a":0,"k":{"i":[[0,0],[0,0],[0,0],[0,0],[0,0],[0,0]],"o":[[0,0],[0,0],[0,0],[0,0],[0,0],[0,0]],"v":[[-8.269,-16.731],[3.045,-16.953],[4.154,2.348],[11.919,16.768],[-11.919,16.953],[-11.027,4.783]],"c":true},"ix":2},"nm":"Path 1","mn":"ADBE Vector Shape - Group","hd":false},{"ty":"fl","c":{"a":0,"k":[0.308235318053,0.185718865488,0.029252067267,1],"ix":4},"o":{"a":0,"k":100,"ix":5},"r":1,"bm":0,"nm":"Fill 2","mn":"ADBE Vector Graphic - Fill","hd":false},{"ty":"fl","c":{"a":0,"k":[0.308235318053,0.185718865488,0.029252067267,1],"ix":4},"o":{"a":0,"k":100,"ix":5},"r":1,"bm":0,"nm":"Fill 1","mn":"ADBE Vector Graphic - Fill","hd":false},{"ty":"tr","p":{"a":0,"k":[13.684,27.153],"ix":2},"a":{"a":0,"k":[0,0],"ix":1},"s":{"a":0,"k":[100,100],"ix":3},"r":{"a":0,"k":0,"ix":6},"o":{"a":0,"k":100,"ix":7},"sk":{"a":0,"k":0,"ix":4},"sa":{"a":0,"k":0,"ix":5},"nm":"Transform"}],"nm":"Group 5","np":3,"cix":2,"bm":0,"ix":5,"mn":"ADBE Vector Group","hd":false}],"ip":0,"op":210.000008553475,"st":0,"bm":0},{"ddd":0,"ind":11,"ty":4,"nm":"tshirt Outlines","sr":1,"ks":{"o":{"a":0,"k":100,"ix":11},"r":{"a":0,"k":0,"ix":10},"p":{"a":0,"k":[556,604,0],"ix":2,"l":2},"a":{"a":0,"k":[11.5,14,0],"ix":1,"l":2},"s":{"a":0,"k":[1373.215,1457.36,100],"ix":6,"l":2}},"ao":0,"shapes":[{"ty":"gr","it":[{"ind":0,"ty":"sh","ix":1,"ks":{"a":0,"k":{"i":[[0,0],[0,0],[0,0],[0,0],[0.08,-0.09],[0.05,-0.059],[0,0],[-0.08,0.02],[-0.56,0],[-0.17,-0.01],[0,0],[-2.27,-0.21],[-0.045,0.103],[0,0],[0,0],[0,0],[0.19,0.021]],"o":[[0,0],[0,0],[0,0],[-0.08,0.09],[-0.05,0.05],[0,0],[0.08,-0.031],[0.71,-0.219],[0.2,0],[0,0],[0.22,0.779],[1.59,0.149],[0,0],[0,0],[0,0],[-0.3,-0.04],[0,0]],"v":[[2.975,2.332],[10.153,19.034],[-12.271,19.906],[-12.882,19.586],[-7.296,0.711],[-7.296,0.711],[-7.933,-12.294],[-7.703,-12.365],[-6.47,-12.655],[-5.92,-12.635],[-3.693,-12.424],[-0.859,-10.1],[2.611,-11.841],[4.155,-12.498],[7.063,-12.338],[2.935,1.952],[2.935,1.952]],"c":true},"ix":2},"nm":"Path 1","mn":"ADBE Vector Shape - Group","hd":false},{"ty":"fl","c":{"a":0,"k":[0.942710487515,0.347555332558,0.257082142549,1],"ix":4},"o":{"a":0,"k":100,"ix":5},"r":1,"bm":0,"nm":"Fill 1","mn":"ADBE Vector Graphic - Fill","hd":false},{"ty":"tr","p":{"a":0,"k":[9.953,14.526],"ix":2},"a":{"a":0,"k":[0,0],"ix":1},"s":{"a":0,"k":[100,100],"ix":3},"r":{"a":0,"k":0,"ix":6},"o":{"a":0,"k":100,"ix":7},"sk":{"a":0,"k":0,"ix":4},"sa":{"a":0,"k":0,"ix":5},"nm":"Transform"}],"nm":"Group 1","np":2,"cix":2,"bm":0,"ix":1,"mn":"ADBE Vector Group","hd":false}],"ip":0,"op":210.000008553475,"st":0,"bm":0},{"ddd":0,"ind":12,"ty":4,"nm":"hand1 Outlines","sr":1,"ks":{"o":{"a":0,"k":100,"ix":11},"r":{"a":1,"k":[{"i":{"x":[0.833],"y":[1]},"o":{"x":[0.167],"y":[0.167]},"t":10,"s":[0]},{"i":{"x":[0.833],"y":[0.938]},"o":{"x":[0.167],"y":[0]},"t":30,"s":[-14]},{"i":{"x":[0.833],"y":[2.491]},"o":{"x":[0.167],"y":[1.464]},"t":71,"s":[0]},{"i":{"x":[0.833],"y":[1]},"o":{"x":[0.167],"y":[0.06]},"t":140,"s":[0]},{"i":{"x":[0.833],"y":[0.833]},"o":{"x":[0.167],"y":[0]},"t":179,"s":[-14]},{"t":210.000008553475,"s":[0]}],"ix":10},"p":{"a":0,"k":[448,460,0],"ix":2,"l":2},"a":{"a":0,"k":[25.542,17.296,0],"ix":1,"l":2},"s":{"a":0,"k":[694.636,694.636,100],"ix":6,"l":2}},"ao":0,"shapes":[{"ty":"gr","it":[{"ind":0,"ty":"sh","ix":1,"ks":{"a":0,"k":{"i":[[0.018,0.073],[-0.433,0.033],[-0.118,0.01],[-0.039,-0.012],[0.021,-0.047],[0.075,-0.033],[0.209,-0.021]],"o":[[-0.018,-0.069],[0.214,-0.02],[0.117,-0.003],[0.015,0.008],[-0.02,0.049],[-0.151,0.067],[-0.415,0.032]],"v":[[-0.742,0.121],[0.008,-0.123],[0.533,-0.145],[0.738,-0.182],[0.738,-0.098],[0.585,0.035],[0.031,0.142]],"c":true},"ix":2},"nm":"Path 1","mn":"ADBE Vector Shape - Group","hd":false},{"ty":"fl","c":{"a":0,"k":[0.204622410793,0.204736836751,0.20461286657,1],"ix":4},"o":{"a":0,"k":100,"ix":5},"r":1,"bm":0,"nm":"Fill 1","mn":"ADBE Vector Graphic - Fill","hd":false},{"ty":"tr","p":{"a":0,"k":[9.865,15.034],"ix":2},"a":{"a":0,"k":[0,0],"ix":1},"s":{"a":0,"k":[100,100],"ix":3},"r":{"a":0,"k":0,"ix":6},"o":{"a":0,"k":100,"ix":7},"sk":{"a":0,"k":0,"ix":4},"sa":{"a":0,"k":0,"ix":5},"nm":"Transform"}],"nm":"Group 1","np":2,"cix":2,"bm":0,"ix":1,"mn":"ADBE Vector Group","hd":false},{"ty":"gr","it":[{"ind":0,"ty":"sh","ix":1,"ks":{"a":0,"k":{"i":[[0,0],[0.018,0.923],[-0.341,0.196],[-0.107,-0.401],[0,0],[0.605,-0.7],[0,0],[0.143,-0.275],[0,0],[-0.216,-1.579],[0,0]],"o":[[-0.379,-1.524],[-0.016,-0.814],[1.408,-0.812],[0.087,0.328],[0,0],[-0.323,0.373],[0,0],[-0.255,0.488],[0,0],[0.157,1.148],[0,0]],"v":[[-2.528,3.295],[-2.953,-1.622],[-2.099,-2.986],[2.278,-3.985],[-0.106,-2.857],[2.364,-2.663],[0.313,-2.144],[2.046,-1.671],[0.248,-1.25],[1.206,0.953],[-0.992,4.386]],"c":true},"ix":2},"nm":"Path 1","mn":"ADBE Vector Shape - Group","hd":false},{"ty":"fl","c":{"a":0,"k":[0.985606414197,0.768474563898,0.65874077292,1],"ix":4},"o":{"a":0,"k":100,"ix":5},"r":1,"bm":0,"nm":"Fill 1","mn":"ADBE Vector Graphic - Fill","hd":false},{"ty":"tr","p":{"a":0,"k":[10.351,16.075],"ix":2},"a":{"a":0,"k":[0,0],"ix":1},"s":{"a":0,"k":[100,100],"ix":3},"r":{"a":0,"k":0,"ix":6},"o":{"a":0,"k":100,"ix":7},"sk":{"a":0,"k":0,"ix":4},"sa":{"a":0,"k":0,"ix":5},"nm":"Transform"}],"nm":"Group 2","np":2,"cix":2,"bm":0,"ix":2,"mn":"ADBE Vector Group","hd":false},{"ty":"gr","it":[{"ind":0,"ty":"sh","ix":1,"ks":{"a":0,"k":{"i":[[-0.11,0.241],[-0.286,-0.306],[-1.49,-2.398],[0,0],[0,0],[2.32,2.076],[0,0],[3.391,2.803]],"o":[[0.174,-0.381],[1.322,1.407],[2.112,3.399],[0,0],[0,0],[-1.756,-1.571],[0,0],[-0.205,-0.169]],"v":[[-8.162,-9.56],[-7.198,-9.719],[-1.422,-2.374],[2.089,3.253],[8.272,8.593],[3.338,7.949],[0.765,3.598],[-8.005,-8.867]],"c":true},"ix":2},"nm":"Path 1","mn":"ADBE Vector Shape - Group","hd":false},{"ty":"fl","c":{"a":0,"k":[0.436724404728,0.356003615435,0.281163144579,1],"ix":4},"o":{"a":0,"k":100,"ix":5},"r":1,"bm":0,"nm":"Fill 1","mn":"ADBE Vector Graphic - Fill","hd":false},{"ty":"tr","p":{"a":0,"k":[13.538,16.769],"ix":2},"a":{"a":0,"k":[0,0],"ix":1},"s":{"a":0,"k":[100,100],"ix":3},"r":{"a":0,"k":0,"ix":6},"o":{"a":0,"k":100,"ix":7},"sk":{"a":0,"k":0,"ix":4},"sa":{"a":0,"k":0,"ix":5},"nm":"Transform"}],"nm":"Group 3","np":2,"cix":2,"bm":0,"ix":3,"mn":"ADBE Vector Group","hd":false},{"ty":"gr","it":[{"ind":0,"ty":"sh","ix":1,"ks":{"a":0,"k":{"i":[[-0.192,-0.159],[-0.003,0.41],[0.534,-0.6]],"o":[[0.286,-0.301],[0.004,-0.724],[0.224,0.143]],"v":[[-0.249,1.176],[0.878,-0.451],[-0.883,0.725]],"c":true},"ix":2},"nm":"Path 1","mn":"ADBE Vector Shape - Group","hd":false},{"ty":"fl","c":{"a":0,"k":[0.972558414235,0.642884018842,0.502590284161,1],"ix":4},"o":{"a":0,"k":100,"ix":5},"r":1,"bm":0,"nm":"Fill 1","mn":"ADBE Vector Graphic - Fill","hd":false},{"ty":"tr","p":{"a":0,"k":[10.793,11.983],"ix":2},"a":{"a":0,"k":[0,0],"ix":1},"s":{"a":0,"k":[100,100],"ix":3},"r":{"a":0,"k":0,"ix":6},"o":{"a":0,"k":100,"ix":7},"sk":{"a":0,"k":0,"ix":4},"sa":{"a":0,"k":0,"ix":5},"nm":"Transform"}],"nm":"Group 4","np":2,"cix":2,"bm":0,"ix":4,"mn":"ADBE Vector Group","hd":false},{"ty":"gr","it":[{"ind":0,"ty":"sh","ix":1,"ks":{"a":0,"k":{"i":[[0.108,0.028],[-0.668,2.188],[-0.101,-0.037],[0.663,-2.182]],"o":[[-0.105,-0.026],[0.666,-2.192],[0.106,0.037],[-0.665,2.179]],"v":[[-1.206,3.958],[-0.268,-0.077],[1.204,-3.95],[0.113,0.04]],"c":true},"ix":2},"nm":"Path 1","mn":"ADBE Vector Shape - Group","hd":false},{"ty":"fl","c":{"a":0,"k":[0.204622410793,0.204736836751,0.20461286657,1],"ix":4},"o":{"a":0,"k":100,"ix":5},"r":1,"bm":0,"nm":"Fill 1","mn":"ADBE Vector Graphic - Fill","hd":false},{"ty":"tr","p":{"a":0,"k":[10.47,26.425],"ix":2},"a":{"a":0,"k":[0,0],"ix":1},"s":{"a":0,"k":[100,100],"ix":3},"r":{"a":0,"k":0,"ix":6},"o":{"a":0,"k":100,"ix":7},"sk":{"a":0,"k":0,"ix":4},"sa":{"a":0,"k":0,"ix":5},"nm":"Transform"}],"nm":"Group 5","np":2,"cix":2,"bm":0,"ix":5,"mn":"ADBE Vector Group","hd":false},{"ty":"gr","it":[{"ind":0,"ty":"sh","ix":1,"ks":{"a":0,"k":{"i":[[0,0],[0,0],[0.474,-1.203],[0,0],[0,0],[4.94,0],[-4.81,9.181],[0,0],[0,0],[0,0],[0,0],[0,0],[0,0],[-0.07,0.101],[-1.15,1.42],[-0.32,0.38],[-0.48,0.51],[-1.37,-0.12]],"o":[[0,0],[1.29,0.094],[0,0],[0,0],[-4.24,4.47],[-2.86,0],[0,0],[0,0],[0,0],[0,0],[0,0],[0,0],[0.08,-0.1],[1.35,-1.75],[0.35,-0.41],[2.07,-2.52],[2.14,-2.231],[0,0]],"v":[[11.266,-12.46],[11.266,-12.46],[12.91,-9.845],[10.229,-3.038],[8.516,0.75],[-8.395,12.57],[-8.574,-3.731],[-7.895,-3.65],[-3.064,-3.061],[-2.514,-2.99],[-2.674,-2.44],[-2.674,-2.43],[-3.624,0.95],[-3.395,0.649],[0.396,-4.13],[1.385,-5.32],[5.445,-10.08],[11.266,-12.45]],"c":true},"ix":2},"nm":"Path 1","mn":"ADBE Vector Shape - Group","hd":false},{"ty":"fl","c":{"a":0,"k":[0.980392216701,0.654901960784,0.239215701234,1],"ix":4},"o":{"a":0,"k":100,"ix":5},"r":1,"bm":0,"nm":"Fill 1","mn":"ADBE Vector Graphic - Fill","hd":false},{"ty":"tr","p":{"a":0,"k":[14.156,25.207],"ix":2},"a":{"a":0,"k":[0,0],"ix":1},"s":{"a":0,"k":[100,100],"ix":3},"r":{"a":0,"k":0,"ix":6},"o":{"a":0,"k":100,"ix":7},"sk":{"a":0,"k":0,"ix":4},"sa":{"a":0,"k":0,"ix":5},"nm":"Transform"}],"nm":"Group 6","np":2,"cix":2,"bm":0,"ix":6,"mn":"ADBE Vector Group","hd":false},{"ty":"gr","it":[{"ind":0,"ty":"sh","ix":1,"ks":{"a":0,"k":{"i":[[0,0],[0,0],[0,0],[0,0]],"o":[[0,0],[0,0],[0,0],[0,0]],"v":[[-2.505,2.066],[-0.993,-2.624],[2.505,-1.432],[2.346,2.624]],"c":true},"ix":2},"nm":"Path 1","mn":"ADBE Vector Shape - Group","hd":false},{"ty":"fl","c":{"a":0,"k":[0.985606414197,0.768474563898,0.65874077292,1],"ix":4},"o":{"a":0,"k":100,"ix":5},"r":1,"bm":0,"nm":"Fill 1","mn":"ADBE Vector Graphic - Fill","hd":false},{"ty":"tr","p":{"a":0,"k":[8.745,19.546],"ix":2},"a":{"a":0,"k":[0,0],"ix":1},"s":{"a":0,"k":[100,100],"ix":3},"r":{"a":0,"k":0,"ix":6},"o":{"a":0,"k":100,"ix":7},"sk":{"a":0,"k":0,"ix":4},"sa":{"a":0,"k":0,"ix":5},"nm":"Transform"}],"nm":"Group 7","np":2,"cix":2,"bm":0,"ix":7,"mn":"ADBE Vector Group","hd":false}],"ip":0,"op":210.000008553475,"st":0,"bm":0},{"ddd":0,"ind":13,"ty":4,"nm":"hand Outlines","sr":1,"ks":{"o":{"a":0,"k":100,"ix":11},"r":{"a":1,"k":[{"i":{"x":[0.833],"y":[1.012]},"o":{"x":[0.167],"y":[0.167]},"t":10,"s":[0]},{"i":{"x":[0.833],"y":[1]},"o":{"x":[0.167],"y":[0.013]},"t":23,"s":[-12]},{"i":{"x":[0.833],"y":[0.989]},"o":{"x":[0.167],"y":[0]},"t":40,"s":[2]},{"i":{"x":[0.833],"y":[1]},"o":{"x":[0.167],"y":[-0.015]},"t":70,"s":[-12]},{"i":{"x":[0.833],"y":[1.012]},"o":{"x":[0.167],"y":[0]},"t":104,"s":[0]},{"i":{"x":[0.833],"y":[0.953]},"o":{"x":[0.167],"y":[0.013]},"t":117,"s":[-12]},{"i":{"x":[0.833],"y":[0.149]},"o":{"x":[0.167],"y":[-0.673]},"t":134,"s":[2]},{"i":{"x":[0.833],"y":[1.009]},"o":{"x":[0.167],"y":[0.053]},"t":169,"s":[0]},{"i":{"x":[0.833],"y":[0.833]},"o":{"x":[0.167],"y":[0.016]},"t":182,"s":[-12]},{"t":210.000008553475,"s":[2]}],"ix":10},"p":{"a":0,"k":[618,468,0],"ix":2,"l":2},"a":{"a":0,"k":[4.382,27.179,0],"ix":1,"l":2},"s":{"a":0,"k":[690.078,690.078,100],"ix":6,"l":2}},"ao":0,"shapes":[{"ty":"gr","it":[{"ind":0,"ty":"sh","ix":1,"ks":{"a":0,"k":{"i":[[0.08,-0.07],[0.78,0.45],[0,0.12],[0,0],[-0.2,-0.03],[-0.51,-0.301]],"o":[[-0.08,0.08],[-0.76,-0.451],[0,0],[0.01,-0.04],[0.31,0.05],[0.84,0.489]],"v":[[1.395,0.83],[-0.025,-0.03],[-1.475,-0.851],[-1.475,-0.86],[-1.135,-0.88],[0.175,-0.38]],"c":true},"ix":2},"nm":"Path 1","mn":"ADBE Vector Shape - Group","hd":false},{"ty":"fl","c":{"a":0,"k":[0.204622410793,0.204736836751,0.20461286657,1],"ix":4},"o":{"a":0,"k":100,"ix":5},"r":1,"bm":0,"nm":"Fill 1","mn":"ADBE Vector Graphic - Fill","hd":false},{"ty":"tr","p":{"a":0,"k":[18.85,24.454],"ix":2},"a":{"a":0,"k":[0,0],"ix":1},"s":{"a":0,"k":[100,100],"ix":3},"r":{"a":0,"k":0,"ix":6},"o":{"a":0,"k":100,"ix":7},"sk":{"a":0,"k":0,"ix":4},"sa":{"a":0,"k":0,"ix":5},"nm":"Transform"}],"nm":"Group 1","np":2,"cix":2,"bm":0,"ix":1,"mn":"ADBE Vector Group","hd":false},{"ty":"gr","it":[{"ind":0,"ty":"sh","ix":1,"ks":{"a":0,"k":{"i":[[0.05,0],[0.45,0.931],[-0.08,0.08],[-0.01,0],[-0.23,-0.22],[-0.24,-0.52],[-0.01,-0.37]],"o":[[-0.12,0],[-0.43,-0.96],[0,-0.01],[0.07,0],[0.27,0.25],[0.23,0.51],[0.02,0.37]],"v":[[0.795,1.74],[0.155,-0.071],[-0.815,-1.73],[-0.795,-1.74],[-0.305,-1.41],[0.525,-0.24],[0.875,1.15]],"c":true},"ix":2},"nm":"Path 1","mn":"ADBE Vector Shape - Group","hd":false},{"ty":"fl","c":{"a":0,"k":[0.204622410793,0.204736836751,0.20461286657,1],"ix":4},"o":{"a":0,"k":100,"ix":5},"r":1,"bm":0,"nm":"Fill 1","mn":"ADBE Vector Graphic - Fill","hd":false},{"ty":"tr","p":{"a":0,"k":[17.509,25.384],"ix":2},"a":{"a":0,"k":[0,0],"ix":1},"s":{"a":0,"k":[100,100],"ix":3},"r":{"a":0,"k":0,"ix":6},"o":{"a":0,"k":100,"ix":7},"sk":{"a":0,"k":0,"ix":4},"sa":{"a":0,"k":0,"ix":5},"nm":"Transform"}],"nm":"Group 2","np":2,"cix":2,"bm":0,"ix":2,"mn":"ADBE Vector Group","hd":false},{"ty":"gr","it":[{"ind":0,"ty":"sh","ix":1,"ks":{"a":0,"k":{"i":[[0.08,-0.07],[0.78,0.45],[0,0.12],[-0.11,0.02],[-0.51,-0.301]],"o":[[-0.08,0.08],[-0.76,-0.451],[0.12,0],[0.31,0.05],[0.84,0.489]],"v":[[1.395,0.815],[-0.025,-0.045],[-1.475,-0.866],[-1.135,-0.895],[0.175,-0.395]],"c":true},"ix":2},"nm":"Path 1","mn":"ADBE Vector Shape - Group","hd":false},{"ty":"fl","c":{"a":0,"k":[0.942710487515,0.347555332558,0.257082142549,1],"ix":4},"o":{"a":0,"k":100,"ix":5},"r":1,"bm":0,"nm":"Fill 1","mn":"ADBE Vector Graphic - Fill","hd":false},{"ty":"tr","p":{"a":0,"k":[18.85,24.469],"ix":2},"a":{"a":0,"k":[0,0],"ix":1},"s":{"a":0,"k":[100,100],"ix":3},"r":{"a":0,"k":0,"ix":6},"o":{"a":0,"k":100,"ix":7},"sk":{"a":0,"k":0,"ix":4},"sa":{"a":0,"k":0,"ix":5},"nm":"Transform"}],"nm":"Group 3","np":2,"cix":2,"bm":0,"ix":3,"mn":"ADBE Vector Group","hd":false},{"ty":"gr","it":[{"ind":0,"ty":"sh","ix":1,"ks":{"a":0,"k":{"i":[[-0.01,-0.37],[0.05,0],[0.45,0.931],[-0.08,0.08],[-0.01,0],[-0.23,-0.219],[-0.24,-0.519]],"o":[[0.02,0.37],[-0.12,0],[-0.43,-0.96],[0,-0.011],[0.07,0],[0.27,0.25],[0.23,0.511]],"v":[[0.875,1.15],[0.795,1.74],[0.155,-0.07],[-0.815,-1.73],[-0.795,-1.74],[-0.305,-1.411],[0.525,-0.24]],"c":true},"ix":2},"nm":"Path 1","mn":"ADBE Vector Shape - Group","hd":false},{"ty":"fl","c":{"a":0,"k":[0.942710487515,0.347555332558,0.257082142549,1],"ix":4},"o":{"a":0,"k":100,"ix":5},"r":1,"bm":0,"nm":"Fill 1","mn":"ADBE Vector Graphic - Fill","hd":false},{"ty":"tr","p":{"a":0,"k":[17.509,25.384],"ix":2},"a":{"a":0,"k":[0,0],"ix":1},"s":{"a":0,"k":[100,100],"ix":3},"r":{"a":0,"k":0,"ix":6},"o":{"a":0,"k":100,"ix":7},"sk":{"a":0,"k":0,"ix":4},"sa":{"a":0,"k":0,"ix":5},"nm":"Transform"}],"nm":"Group 4","np":2,"cix":2,"bm":0,"ix":4,"mn":"ADBE Vector Group","hd":false},{"ty":"gr","it":[{"ind":0,"ty":"sh","ix":1,"ks":{"a":0,"k":{"i":[[-1.561,-1.339],[0.512,-1.321],[3.378,-2.096],[4.406,0.418],[0.286,1.448],[0,0],[-2.639,0.537],[-4.33,0.151],[0,-0.011],[-0.431,-0.96],[-0.119,0],[0.02,0.37],[0.23,0.511],[0.27,0.25],[0.071,0],[-0.209,0.021],[-0.76,-0.451],[-0.08,0.08],[0.84,0.489],[0.31,0.05],[-0.549,0.26],[-1.564,2.58]],"o":[[1.075,0.923],[-1.429,3.689],[-3.289,2.028],[-1.469,-0.139],[0,0],[-1.85,-1.955],[2.009,-0.09],[-0.009,0],[-0.08,0.08],[0.449,0.931],[0.05,0],[-0.01,-0.37],[-0.241,-0.519],[-0.23,-0.219],[0.23,-0.009],[0,0.12],[0.78,0.45],[0.079,-0.07],[-0.509,-0.301],[0.77,-0.08],[2.082,-0.978],[1.067,-1.758]],"v":[[14.605,-8.695],[15.548,-4.958],[7.615,8.005],[-8.247,9.176],[-13.059,7.398],[-14.615,5.064],[-11.895,-1.865],[0.654,-0.546],[0.635,-0.535],[1.605,1.124],[2.245,2.936],[2.325,2.346],[1.975,0.954],[1.146,-0.215],[0.654,-0.546],[1.314,-0.585],[2.764,0.236],[4.186,1.096],[2.965,-0.115],[1.654,-0.615],[3.654,-1.105],[9.585,-7.906]],"c":true},"ix":2},"nm":"Path 1","mn":"ADBE Vector Shape - Group","hd":false},{"ty":"fl","c":{"a":0,"k":[0.980392216701,0.654901960784,0.239215701234,1],"ix":4},"o":{"a":0,"k":100,"ix":5},"r":1,"bm":0,"nm":"Fill 1","mn":"ADBE Vector Graphic - Fill","hd":false},{"ty":"tr","p":{"a":0,"k":[16.059,24.189],"ix":2},"a":{"a":0,"k":[0,0],"ix":1},"s":{"a":0,"k":[100,100],"ix":3},"r":{"a":0,"k":0,"ix":6},"o":{"a":0,"k":100,"ix":7},"sk":{"a":0,"k":0,"ix":4},"sa":{"a":0,"k":0,"ix":5},"nm":"Transform"}],"nm":"Group 5","np":4,"cix":2,"bm":0,"ix":5,"mn":"ADBE Vector Group","hd":false},{"ty":"gr","it":[{"ind":0,"ty":"sh","ix":1,"ks":{"a":0,"k":{"i":[[6.865,-5.361],[2.371,-0.85],[0.445,2.622],[-1.907,1.299],[-0.965,1.886],[-0.048,0.099],[0,0],[-0.1,0.299],[0,0],[-0.093,-1.255],[0,0],[-0.652,-0.144],[0.388,-0.451],[0,0],[-0.596,-0.289],[0.71,-0.729],[0,0],[-0.292,-0.157],[0.341,-0.69],[-0.095,-0.445],[0.873,-2.244],[0.098,-0.281],[0,0]],"o":[[-1.942,1.516],[-0.682,-2.58],[1.853,-0.383],[2.898,-1.975],[0.048,-0.099],[0,0],[0,0],[0.252,-0.75],[0,0],[0.092,1.256],[0,0],[0.243,0.055],[-0.387,0.449],[0,0],[0,0],[-0.985,1.011],[0,0],[0.486,0.259],[0,0],[0.091,0.426],[-0.065,0.22],[0,0],[0,0]],"v":[[-2.185,10.463],[-9.046,13.991],[-10.773,6.192],[-4.989,3.815],[2.732,-7.339],[2.877,-7.636],[2.87,-7.639],[3.718,-9.918],[4.277,-12.523],[4.918,-11.449],[5.227,-10.566],[8.155,-13.847],[7.762,-12.559],[6.974,-11.407],[9.79,-13.572],[9.376,-12.654],[7.744,-10.723],[10.287,-12.523],[8.152,-9.578],[9.932,-10.722],[7.226,-6.375],[6.982,-5.622],[6.983,-5.623]],"c":true},"ix":2},"nm":"Path 1","mn":"ADBE Vector Shape - Group","hd":false},{"ty":"fl","c":{"a":0,"k":[0.985606414197,0.768474563898,0.65874077292,1],"ix":4},"o":{"a":0,"k":100,"ix":5},"r":1,"bm":0,"nm":"Fill 1","mn":"ADBE Vector Graphic - Fill","hd":false},{"ty":"tr","p":{"a":0,"k":[25.793,18.914],"ix":2},"a":{"a":0,"k":[0,0],"ix":1},"s":{"a":0,"k":[100,100],"ix":3},"r":{"a":0,"k":0,"ix":6},"o":{"a":0,"k":100,"ix":7},"sk":{"a":0,"k":0,"ix":4},"sa":{"a":0,"k":0,"ix":5},"nm":"Transform"}],"nm":"Group 6","np":2,"cix":2,"bm":0,"ix":6,"mn":"ADBE Vector Group","hd":false}],"ip":0,"op":210.000008553475,"st":0,"bm":0},{"ddd":0,"ind":14,"ty":4,"nm":"face Outlines","sr":1,"ks":{"o":{"a":0,"k":100,"ix":11},"r":{"a":1,"k":[{"i":{"x":[0.667],"y":[1]},"o":{"x":[0.333],"y":[0]},"t":10,"s":[0]},{"i":{"x":[0.667],"y":[1]},"o":{"x":[0.333],"y":[0]},"t":26,"s":[-8]},{"i":{"x":[0.833],"y":[0.667]},"o":{"x":[0.167],"y":[0]},"t":56,"s":[5]},{"i":{"x":[0.667],"y":[1]},"o":{"x":[0.167],"y":[0.063]},"t":109,"s":[0]},{"i":{"x":[0.667],"y":[1]},"o":{"x":[0.333],"y":[0]},"t":125,"s":[-8]},{"i":{"x":[0.833],"y":[0.833]},"o":{"x":[0.167],"y":[0]},"t":155,"s":[5]},{"t":183.000007453743,"s":[0]}],"ix":10},"p":{"a":0,"k":[517.87,475.474,0],"ix":2,"l":2},"a":{"a":0,"k":[8.573,24.351,0],"ix":1,"l":2},"s":{"a":0,"k":[920.358,920.358,100],"ix":6,"l":2}},"ao":0,"shapes":[{"ty":"gr","it":[{"ind":0,"ty":"sh","ix":1,"ks":{"a":0,"k":{"i":[[-0.029,-3.684],[-4.085,2.337],[-3.963,2.856],[-0.591,-0.176],[0,0],[3.321,1.146]],"o":[[0,0],[0,0],[0,0],[0,0],[0,0],[-3.32,-1.147]],"v":[[-5.445,-1.27],[1.66,-2.955],[4.146,2.136],[5.288,1.89],[5.445,1.941],[1.903,-4.602]],"c":true},"ix":2},"nm":"Path 1","mn":"ADBE Vector Shape - Group","hd":false},{"ty":"fl","c":{"a":0,"k":[0.204622410793,0.204736836751,0.20461286657,1],"ix":4},"o":{"a":0,"k":100,"ix":5},"r":1,"bm":0,"nm":"Fill 1","mn":"ADBE Vector Graphic - Fill","hd":false},{"ty":"tr","p":{"a":0,"k":[9.162,6.131],"ix":2},"a":{"a":0,"k":[0,0],"ix":1},"s":{"a":0,"k":[100,100],"ix":3},"r":{"a":0,"k":0,"ix":6},"o":{"a":0,"k":100,"ix":7},"sk":{"a":0,"k":0,"ix":4},"sa":{"a":0,"k":0,"ix":5},"nm":"Transform"}],"nm":"Group 1","np":2,"cix":2,"bm":0,"ix":1,"mn":"ADBE Vector Group","hd":false},{"ty":"gr","it":[{"ind":0,"ty":"sh","ix":1,"ks":{"a":0,"k":{"i":[[-0.068,-0.187],[0.331,-0.114],[0.069,0.187],[-0.332,0.114]],"o":[[0.068,0.187],[-0.332,0.115],[-0.068,-0.188],[0.331,-0.115]],"v":[[0.6,-0.208],[0.124,0.339],[-0.6,0.208],[-0.123,-0.339]],"c":true},"ix":2},"nm":"Path 1","mn":"ADBE Vector Shape - Group","hd":false},{"ty":"fl","c":{"a":0,"k":[0.204622410793,0.204736836751,0.20461286657,1],"ix":4},"o":{"a":0,"k":100,"ix":5},"r":1,"bm":0,"nm":"Fill 1","mn":"ADBE Vector Graphic - Fill","hd":false},{"ty":"tr","p":{"a":0,"k":[4.026,5.924],"ix":2},"a":{"a":0,"k":[0,0],"ix":1},"s":{"a":0,"k":[100,100],"ix":3},"r":{"a":0,"k":0,"ix":6},"o":{"a":0,"k":100,"ix":7},"sk":{"a":0,"k":0,"ix":4},"sa":{"a":0,"k":0,"ix":5},"nm":"Transform"}],"nm":"Group 2","np":2,"cix":2,"bm":0,"ix":2,"mn":"ADBE Vector Group","hd":false},{"ty":"gr","it":[{"ind":0,"ty":"sh","ix":1,"ks":{"a":0,"k":{"i":[[0.03,-0.196],[0.348,0.055],[-0.03,0.195],[-0.348,-0.055]],"o":[[-0.03,0.195],[-0.349,-0.055],[0.03,-0.197],[0.348,0.055]],"v":[[0.63,0.1],[-0.055,0.355],[-0.631,-0.098],[0.055,-0.355]],"c":true},"ix":2},"nm":"Path 1","mn":"ADBE Vector Shape - Group","hd":false},{"ty":"fl","c":{"a":0,"k":[0.204622410793,0.204736836751,0.20461286657,1],"ix":4},"o":{"a":0,"k":100,"ix":5},"r":1,"bm":0,"nm":"Fill 1","mn":"ADBE Vector Graphic - Fill","hd":false},{"ty":"tr","p":{"a":0,"k":[8.83,6.348],"ix":2},"a":{"a":0,"k":[0,0],"ix":1},"s":{"a":0,"k":[100,100],"ix":3},"r":{"a":0,"k":0,"ix":6},"o":{"a":0,"k":100,"ix":7},"sk":{"a":0,"k":0,"ix":4},"sa":{"a":0,"k":0,"ix":5},"nm":"Transform"}],"nm":"Group 3","np":2,"cix":2,"bm":0,"ix":3,"mn":"ADBE Vector Group","hd":false},{"ty":"gr","it":[{"ind":0,"ty":"sh","ix":1,"ks":{"a":0,"k":{"i":[[0,0],[-0.02,-0.239],[-0.034,-0.095],[-0.025,0.001],[-0.08,0.068],[-0.074,0.093],[-0.131,0.212],[0,0],[-0.062,-0.038],[0.018,-0.056],[0.153,-0.233],[0.118,-0.105],[0.089,-0.036],[0.112,0.034],[0.057,0.079],[0.021,0.076],[-0.003,0.139],[-0.079,0.26],[-0.059,-0.019],[0.002,-0.05]],"o":[[-0.009,0.25],[0.013,0.119],[0.034,0.099],[0.016,0.009],[0.08,-0.063],[0.146,-0.189],[0,0],[0.039,-0.062],[0.053,0.033],[-0.082,0.26],[-0.076,0.117],[-0.061,0.052],[-0.089,0.037],[-0.111,-0.03],[-0.058,-0.08],[-0.041,-0.154],[0.006,-0.28],[0.018,-0.059],[0.05,0.014],[0,0]],"v":[[-0.447,-0.758],[-0.438,-0.012],[-0.374,0.318],[-0.268,0.462],[-0.102,0.385],[0.128,0.139],[0.544,-0.478],[0.548,-0.482],[0.73,-0.525],[0.786,-0.372],[0.445,0.365],[0.163,0.699],[-0.057,0.837],[-0.378,0.859],[-0.641,0.674],[-0.753,0.437],[-0.801,0.001],[-0.667,-0.801],[-0.527,-0.874],[-0.447,-0.764]],"c":true},"ix":2},"nm":"Path 1","mn":"ADBE Vector Shape - Group","hd":false},{"ty":"fl","c":{"a":0,"k":[0.204622410793,0.204736836751,0.20461286657,1],"ix":4},"o":{"a":0,"k":100,"ix":5},"r":1,"bm":0,"nm":"Fill 1","mn":"ADBE Vector Graphic - Fill","hd":false},{"ty":"tr","p":{"a":0,"k":[3.903,7.829],"ix":2},"a":{"a":0,"k":[0,0],"ix":1},"s":{"a":0,"k":[100,100],"ix":3},"r":{"a":0,"k":0,"ix":6},"o":{"a":0,"k":100,"ix":7},"sk":{"a":0,"k":0,"ix":4},"sa":{"a":0,"k":0,"ix":5},"nm":"Transform"}],"nm":"Group 4","np":2,"cix":2,"bm":0,"ix":4,"mn":"ADBE Vector Group","hd":false},{"ty":"gr","it":[{"ind":0,"ty":"sh","ix":1,"ks":{"a":0,"k":{"i":[[0,0],[-0.04,-0.248],[-0.137,-0.033],[-0.176,0.179],[-0.15,0.215],[0,0],[-0.06,-0.042],[0.022,-0.056],[0.198,-0.232],[0.151,-0.087],[0.198,0.074],[0.065,0.156],[0.009,0.151],[-0.079,0.281],[-0.059,-0.017],[0.002,-0.051]],"o":[[-0.008,0.265],[0.038,0.249],[0.122,0.054],[0.175,-0.178],[0,0],[0.042,-0.061],[0.052,0.036],[-0.108,0.273],[-0.099,0.114],[-0.146,0.084],[-0.196,-0.069],[-0.069,-0.158],[-0.017,-0.303],[0.017,-0.06],[0.051,0.013],[0,0]],"v":[[-0.616,-0.813],[-0.578,-0.025],[-0.301,0.482],[0.208,0.232],[0.7,-0.378],[0.704,-0.383],[0.888,-0.417],[0.936,-0.26],[0.493,0.497],[0.129,0.807],[-0.436,0.872],[-0.837,0.48],[-0.941,0.014],[-0.836,-0.852],[-0.698,-0.93],[-0.616,-0.818]],"c":true},"ix":2},"nm":"Path 1","mn":"ADBE Vector Shape - Group","hd":false},{"ty":"fl","c":{"a":0,"k":[0.204622410793,0.204736836751,0.20461286657,1],"ix":4},"o":{"a":0,"k":100,"ix":5},"r":1,"bm":0,"nm":"Fill 1","mn":"ADBE Vector Graphic - Fill","hd":false},{"ty":"tr","p":{"a":0,"k":[8.288,8.359],"ix":2},"a":{"a":0,"k":[0,0],"ix":1},"s":{"a":0,"k":[100,100],"ix":3},"r":{"a":0,"k":0,"ix":6},"o":{"a":0,"k":100,"ix":7},"sk":{"a":0,"k":0,"ix":4},"sa":{"a":0,"k":0,"ix":5},"nm":"Transform"}],"nm":"Group 5","np":2,"cix":2,"bm":0,"ix":5,"mn":"ADBE Vector Group","hd":false},{"ty":"gr","it":[{"ind":0,"ty":"sh","ix":1,"ks":{"a":0,"k":{"i":[[-0.116,0.336],[0.045,-0.175],[0.088,-0.156],[0.273,-0.235],[0,0],[-0.269,-0.25],[0.322,0.162],[0,0],[0,0],[-0.104,0.129],[-0.095,0.135]],"o":[[0.045,0.175],[-0.046,0.178],[-0.182,0.312],[0,0],[0.296,0.206],[-0.348,-0.12],[0,0],[0,0],[0.105,-0.125],[0.102,-0.134],[0.194,-0.272]],"v":[[0.592,-1.156],[0.57,-0.617],[0.358,-0.117],[-0.324,0.701],[-0.35,0.486],[0.505,1.156],[-0.491,0.721],[-0.637,0.648],[-0.517,0.505],[-0.204,0.115],[0.098,-0.285]],"c":true},"ix":2},"nm":"Path 1","mn":"ADBE Vector Shape - Group","hd":false},{"ty":"fl","c":{"a":0,"k":[0.204622410793,0.204736836751,0.20461286657,1],"ix":4},"o":{"a":0,"k":100,"ix":5},"r":1,"bm":0,"nm":"Fill 1","mn":"ADBE Vector Graphic - Fill","hd":false},{"ty":"tr","p":{"a":0,"k":[5.41,8.245],"ix":2},"a":{"a":0,"k":[0,0],"ix":1},"s":{"a":0,"k":[100,100],"ix":3},"r":{"a":0,"k":0,"ix":6},"o":{"a":0,"k":100,"ix":7},"sk":{"a":0,"k":0,"ix":4},"sa":{"a":0,"k":0,"ix":5},"nm":"Transform"}],"nm":"Group 6","np":2,"cix":2,"bm":0,"ix":6,"mn":"ADBE Vector Group","hd":false},{"ty":"gr","it":[{"ind":0,"ty":"sh","ix":1,"ks":{"a":0,"k":{"i":[[0.062,0.195],[-0.159,-0.063],[-0.138,0.002],[-0.152,0.07],[-0.176,0.107],[0.156,-0.15],[0.243,0.002],[0.153,0.143]],"o":[[0.192,0.083],[0.157,0.067],[0.138,0.001],[0.151,-0.071],[-0.034,0.205],[-0.15,0.152],[-0.243,0],[-0.162,-0.139]],"v":[[-0.928,-0.365],[-0.421,-0.122],[0.019,-0.014],[0.448,-0.124],[0.928,-0.404],[0.638,0.139],[0.018,0.402],[-0.598,0.148]],"c":true},"ix":2},"nm":"Path 1","mn":"ADBE Vector Shape - Group","hd":false},{"ty":"fl","c":{"a":0,"k":[0.204622410793,0.204736836751,0.20461286657,1],"ix":4},"o":{"a":0,"k":100,"ix":5},"r":1,"bm":0,"nm":"Fill 1","mn":"ADBE Vector Graphic - Fill","hd":false},{"ty":"tr","p":{"a":0,"k":[6.174,13.211],"ix":2},"a":{"a":0,"k":[0,0],"ix":1},"s":{"a":0,"k":[100,100],"ix":3},"r":{"a":0,"k":0,"ix":6},"o":{"a":0,"k":100,"ix":7},"sk":{"a":0,"k":0,"ix":4},"sa":{"a":0,"k":0,"ix":5},"nm":"Transform"}],"nm":"Group 7","np":2,"cix":2,"bm":0,"ix":7,"mn":"ADBE Vector Group","hd":false},{"ty":"gr","it":[{"ind":0,"ty":"sh","ix":1,"ks":{"a":0,"k":{"i":[[0.26,-0.175],[-0.094,0.127],[-0.167,0.064],[-0.15,-0.085],[-0.058,-0.144],[0.122,0.012],[0.105,-0.041]],"o":[[0.015,-0.16],[0.095,-0.129],[0.168,-0.062],[0.157,0.077],[-0.156,-0.047],[-0.119,-0.015],[-0.213,0.076]],"v":[[-0.704,0.398],[-0.529,-0.035],[-0.135,-0.337],[0.389,-0.299],[0.704,0.059],[0.303,-0.055],[-0.023,-0.023]],"c":true},"ix":2},"nm":"Path 1","mn":"ADBE Vector Shape - Group","hd":false},{"ty":"fl","c":{"a":0,"k":[0.204622410793,0.204736836751,0.20461286657,1],"ix":4},"o":{"a":0,"k":100,"ix":5},"r":1,"bm":0,"nm":"Fill 1","mn":"ADBE Vector Graphic - Fill","hd":false},{"ty":"tr","p":{"a":0,"k":[14.148,9.554],"ix":2},"a":{"a":0,"k":[0,0],"ix":1},"s":{"a":0,"k":[100,100],"ix":3},"r":{"a":0,"k":0,"ix":6},"o":{"a":0,"k":100,"ix":7},"sk":{"a":0,"k":0,"ix":4},"sa":{"a":0,"k":0,"ix":5},"nm":"Transform"}],"nm":"Group 8","np":2,"cix":2,"bm":0,"ix":8,"mn":"ADBE Vector Group","hd":false},{"ty":"gr","it":[{"ind":0,"ty":"sh","ix":1,"ks":{"a":0,"k":{"i":[[-0.198,-0.815],[0.815,-0.198],[0.198,0.815],[-0.815,0.198]],"o":[[0.198,0.815],[-0.816,0.197],[-0.198,-0.816],[0.815,-0.198]],"v":[[1.477,-0.358],[0.359,1.477],[-1.477,0.359],[-0.359,-1.476]],"c":true},"ix":2},"nm":"Path 1","mn":"ADBE Vector Shape - Group","hd":false},{"ty":"fl","c":{"a":0,"k":[0.985606414197,0.768474563898,0.65874077292,1],"ix":4},"o":{"a":0,"k":100,"ix":5},"r":1,"bm":0,"nm":"Fill 1","mn":"ADBE Vector Graphic - Fill","hd":false},{"ty":"tr","p":{"a":0,"k":[14.149,9.528],"ix":2},"a":{"a":0,"k":[0,0],"ix":1},"s":{"a":0,"k":[100,100],"ix":3},"r":{"a":0,"k":0,"ix":6},"o":{"a":0,"k":100,"ix":7},"sk":{"a":0,"k":0,"ix":4},"sa":{"a":0,"k":0,"ix":5},"nm":"Transform"}],"nm":"Group 9","np":2,"cix":2,"bm":0,"ix":9,"mn":"ADBE Vector Group","hd":false},{"ty":"gr","it":[{"ind":0,"ty":"sh","ix":1,"ks":{"a":0,"k":{"i":[[0,0],[-3.818,2.373],[3.884,-1.285]],"o":[[0,0],[0,0],[0,0]],"v":[[-2.827,-0.517],[3.015,-2.213],[-3.015,2.213]],"c":true},"ix":2},"nm":"Path 1","mn":"ADBE Vector Shape - Group","hd":false},{"ty":"fl","c":{"a":0,"k":[0.721688364066,0.479523094028,0.467095109528,1],"ix":4},"o":{"a":0,"k":100,"ix":5},"r":1,"bm":0,"nm":"Fill 1","mn":"ADBE Vector Graphic - Fill","hd":false},{"ty":"tr","p":{"a":0,"k":[8.539,17.076],"ix":2},"a":{"a":0,"k":[0,0],"ix":1},"s":{"a":0,"k":[100,100],"ix":3},"r":{"a":0,"k":0,"ix":6},"o":{"a":0,"k":100,"ix":7},"sk":{"a":0,"k":0,"ix":4},"sa":{"a":0,"k":0,"ix":5},"nm":"Transform"}],"nm":"Group 12","np":2,"cix":2,"bm":0,"ix":10,"mn":"ADBE Vector Group","hd":false},{"ty":"gr","it":[{"ind":0,"ty":"sh","ix":1,"ks":{"a":0,"k":{"i":[[-0.497,3.139],[-4.946,-2.877],[-0.316,-1.715],[0,0],[0.243,5.732],[0,0]],"o":[[0.443,-2.796],[1.556,0.906],[0.221,1.195],[-0.419,4.708],[0,0],[-3.583,-1.151]],"v":[[-5.204,-5.157],[2.969,-9.751],[5.503,-5.48],[5.301,7.464],[-2.432,7.557],[-2.141,3.632]],"c":true},"ix":2},"nm":"Path 1","mn":"ADBE Vector Shape - Group","hd":false},{"ty":"fl","c":{"a":0,"k":[0.985606414197,0.768474563898,0.65874077292,1],"ix":4},"o":{"a":0,"k":100,"ix":5},"r":1,"bm":0,"nm":"Fill 1","mn":"ADBE Vector Graphic - Fill","hd":false},{"ty":"tr","p":{"a":0,"k":[7.853,12.927],"ix":2},"a":{"a":0,"k":[0,0],"ix":1},"s":{"a":0,"k":[100,100],"ix":3},"r":{"a":0,"k":0,"ix":6},"o":{"a":0,"k":100,"ix":7},"sk":{"a":0,"k":0,"ix":4},"sa":{"a":0,"k":0,"ix":5},"nm":"Transform"}],"nm":"Group 13","np":4,"cix":2,"bm":0,"ix":11,"mn":"ADBE Vector Group","hd":false},{"ty":"gr","it":[{"ind":0,"ty":"sh","ix":1,"ks":{"a":0,"k":{"i":[[-9.867,-1.823],[2.523,7.152]],"o":[[0,0],[-1.641,-4.654]],"v":[[2.951,7.533],[4.393,-2.88]],"c":true},"ix":2},"nm":"Path 1","mn":"ADBE Vector Shape - Group","hd":false},{"ty":"fl","c":{"a":0,"k":[0.204622410793,0.204736836751,0.20461286657,1],"ix":4},"o":{"a":0,"k":100,"ix":5},"r":1,"bm":0,"nm":"Fill 1","mn":"ADBE Vector Graphic - Fill","hd":false},{"ty":"tr","p":{"a":0,"k":[9.581,8.291],"ix":2},"a":{"a":0,"k":[0,0],"ix":1},"s":{"a":0,"k":[100,100],"ix":3},"r":{"a":0,"k":0,"ix":6},"o":{"a":0,"k":100,"ix":7},"sk":{"a":0,"k":0,"ix":4},"sa":{"a":0,"k":0,"ix":5},"nm":"Transform"}],"nm":"Group 14","np":2,"cix":2,"bm":0,"ix":12,"mn":"ADBE Vector Group","hd":false},{"ty":"gr","it":[{"ind":0,"ty":"sh","ix":1,"ks":{"a":0,"k":{"i":[[0,-1.703],[1.526,0],[0,1.703],[-1.525,0]],"o":[[0,1.703],[-1.525,0],[0,-1.703],[1.526,0]],"v":[[2.762,-0.001],[-0.922,5.066],[-2.762,-0.001],[-0.001,-3.083]],"c":true},"ix":2},"nm":"Path 1","mn":"ADBE Vector Shape - Group","hd":false},{"ty":"fl","c":{"a":0,"k":[0.204622410793,0.204736836751,0.20461286657,1],"ix":4},"o":{"a":0,"k":100,"ix":5},"r":1,"bm":0,"nm":"Fill 1","mn":"ADBE Vector Graphic - Fill","hd":false},{"ty":"tr","p":{"a":0,"k":[14.597,14.618],"ix":2},"a":{"a":0,"k":[0,0],"ix":1},"s":{"a":0,"k":[100,100],"ix":3},"r":{"a":0,"k":0,"ix":6},"o":{"a":0,"k":100,"ix":7},"sk":{"a":0,"k":0,"ix":4},"sa":{"a":0,"k":0,"ix":5},"nm":"Transform"}],"nm":"Group 15","np":2,"cix":2,"bm":0,"ix":13,"mn":"ADBE Vector Group","hd":false}],"ip":0,"op":210.000008553475,"st":0,"bm":0}],"markers":[]}