{"v":"5.7.6","fr":25,"ip":0,"op":100,"w":320,"h":200,"nm":"04_Recipes Book","ddd":0,"assets":[],"layers":[{"ddd":0,"ind":1,"ty":4,"nm":"Star 01","sr":1,"ks":{"o":{"a":0,"k":100,"ix":11},"r":{"a":0,"k":0,"ix":10},"p":{"a":0,"k":[237.5,143.125,0],"ix":2,"l":2},"a":{"a":0,"k":[223,138,0],"ix":1,"l":2},"s":{"a":0,"k":[100,100,100],"ix":6,"l":2}},"ao":0,"shapes":[{"ind":0,"ty":"sh","ix":1,"ks":{"a":0,"k":{"i":[[0,0],[0,0]],"o":[[0,0],[0,0]],"v":[[183,138],[223,138]],"c":false},"ix":2},"nm":"Path 1","mn":"ADBE Vector Shape - Group","hd":false},{"ind":1,"ty":"sh","ix":2,"ks":{"a":0,"k":{"i":[[0,0],[0,0]],"o":[[0,0],[0,0]],"v":[[263,138],[223,138]],"c":false},"ix":2},"nm":"Path 2","mn":"ADBE Vector Shape - Group","hd":false},{"ind":2,"ty":"sh","ix":3,"ks":{"a":0,"k":{"i":[[0,0],[0,0]],"o":[[0,0],[0,0]],"v":[[223,178],[223,138]],"c":false},"ix":2},"nm":"Path 3","mn":"ADBE Vector Shape - Group","hd":false},{"ind":3,"ty":"sh","ix":4,"ks":{"a":0,"k":{"i":[[0,0],[0,0]],"o":[[0,0],[0,0]],"v":[[223,98],[223,138]],"c":false},"ix":2},"nm":"Path 4","mn":"ADBE Vector Shape - Group","hd":false},{"ty":"tm","s":{"a":1,"k":[{"i":{"x":[0.833],"y":[1]},"o":{"x":[0.167],"y":[0]},"t":31,"s":[30]},{"i":{"x":[0.667],"y":[1]},"o":{"x":[0.333],"y":[0]},"t":35,"s":[30]},{"t":39,"s":[0]}],"ix":1},"e":{"a":1,"k":[{"i":{"x":[0.667],"y":[1]},"o":{"x":[0.333],"y":[0]},"t":31,"s":[30]},{"t":35,"s":[0]}],"ix":2},"o":{"a":0,"k":0,"ix":3},"m":1,"ix":5,"nm":"Trim Paths 1","mn":"ADBE Vector Filter - Trim","hd":false},{"ty":"st","c":{"a":0,"k":[0.125,0.113999998803,0.113999998803,1],"ix":3},"o":{"a":0,"k":100,"ix":4},"w":{"a":0,"k":5,"ix":5},"lc":2,"lj":1,"ml":10,"bm":0,"nm":"Stroke 1","mn":"ADBE Vector Graphic - Stroke","hd":false},{"ty":"fl","c":{"a":0,"k":[1,1,1,1],"ix":4},"o":{"a":0,"k":100,"ix":5},"r":1,"bm":0,"nm":"Fill 1","mn":"ADBE Vector Graphic - Fill","hd":false}],"ip":31,"op":106,"st":31,"bm":0},{"ddd":0,"ind":2,"ty":4,"nm":"Star 02","sr":1,"ks":{"o":{"a":0,"k":100,"ix":11},"r":{"a":0,"k":0,"ix":10},"p":{"a":0,"k":[237.5,143.125,0],"ix":2,"l":2},"a":{"a":0,"k":[223,138,0],"ix":1,"l":2},"s":{"a":0,"k":[100,100,100],"ix":6,"l":2}},"ao":0,"shapes":[{"ind":0,"ty":"sh","ix":1,"ks":{"a":0,"k":{"i":[[0,0],[0,0]],"o":[[0,0],[0,0]],"v":[[194.716,109.716],[223,138]],"c":false},"ix":2},"nm":"Path 1","mn":"ADBE Vector Shape - Group","hd":false},{"ind":1,"ty":"sh","ix":2,"ks":{"a":0,"k":{"i":[[0,0],[0,0]],"o":[[0,0],[0,0]],"v":[[251.284,166.284],[223,138]],"c":false},"ix":2},"nm":"Path 2","mn":"ADBE Vector Shape - Group","hd":false},{"ind":2,"ty":"sh","ix":3,"ks":{"a":0,"k":{"i":[[0,0],[0,0]],"o":[[0,0],[0,0]],"v":[[194.716,166.284],[223,138]],"c":false},"ix":2},"nm":"Path 3","mn":"ADBE Vector Shape - Group","hd":false},{"ind":3,"ty":"sh","ix":4,"ks":{"a":0,"k":{"i":[[0,0],[0,0]],"o":[[0,0],[0,0]],"v":[[251.284,109.716],[223,138]],"c":false},"ix":2},"nm":"Path 4","mn":"ADBE Vector Shape - Group","hd":false},{"ty":"st","c":{"a":0,"k":[0.125,0.113999998803,0.113999998803,1],"ix":3},"o":{"a":0,"k":100,"ix":4},"w":{"a":0,"k":5,"ix":5},"lc":2,"lj":1,"ml":10,"bm":0,"nm":"Stroke 1","mn":"ADBE Vector Graphic - Stroke","hd":false},{"ty":"fl","c":{"a":0,"k":[1,1,1,1],"ix":4},"o":{"a":0,"k":100,"ix":5},"r":1,"bm":0,"nm":"Fill 1","mn":"ADBE Vector Graphic - Fill","hd":false},{"ty":"tm","s":{"a":1,"k":[{"i":{"x":[0.833],"y":[1]},"o":{"x":[0.167],"y":[0]},"t":33,"s":[30]},{"i":{"x":[0.667],"y":[1]},"o":{"x":[0.333],"y":[0]},"t":37,"s":[30]},{"t":41,"s":[0]}],"ix":1},"e":{"a":1,"k":[{"i":{"x":[0.667],"y":[1]},"o":{"x":[0.333],"y":[0]},"t":33,"s":[30]},{"t":37,"s":[0]}],"ix":2},"o":{"a":0,"k":0,"ix":3},"m":1,"ix":7,"nm":"Trim Paths 1","mn":"ADBE Vector Filter - Trim","hd":false}],"ip":33,"op":108,"st":33,"bm":0},{"ddd":0,"ind":3,"ty":4,"nm":"Circle","sr":1,"ks":{"o":{"a":0,"k":100,"ix":11},"r":{"a":0,"k":0,"ix":10},"p":{"a":0,"k":[237.5,143.125,0],"ix":2,"l":2},"a":{"a":0,"k":[221.863,138,0],"ix":1,"l":2},"s":{"a":1,"k":[{"i":{"x":[0.833,0.833,0.833],"y":[0.833,0.833,0.833]},"o":{"x":[0.167,0.167,0.167],"y":[0.167,0.167,0.167]},"t":28,"s":[0,0,100]},{"t":31,"s":[64,64,100]}],"ix":6,"l":2}},"ao":0,"shapes":[{"ind":0,"ty":"sh","ix":1,"ks":{"a":0,"k":{"i":[[0,-22.092],[22.092,0],[0,22.092],[-22.091,0]],"o":[[0,22.092],[-22.091,0],[0,-22.092],[22.092,0]],"v":[[261.863,138],[221.863,178],[181.863,138],[221.863,98]],"c":true},"ix":2},"nm":"Path 1","mn":"ADBE Vector Shape - Group","hd":false},{"ty":"st","c":{"a":0,"k":[1,0.61568627451,0,1],"ix":3},"o":{"a":0,"k":100,"ix":4},"w":{"a":1,"k":[{"i":{"x":[0.833],"y":[0.833]},"o":{"x":[0.167],"y":[0.167]},"t":28,"s":[0]},{"i":{"x":[0.833],"y":[0.833]},"o":{"x":[0.167],"y":[0.167]},"t":31,"s":[12]},{"t":34,"s":[0]}],"ix":5},"lc":2,"lj":1,"ml":10,"bm":0,"nm":"Stroke 1","mn":"ADBE Vector Graphic - Stroke","hd":false}],"ip":28,"op":103,"st":28,"bm":0},{"ddd":0,"ind":4,"ty":4,"nm":"Card 02","sr":1,"ks":{"o":{"a":0,"k":100,"ix":11},"r":{"a":1,"k":[{"i":{"x":[0.086],"y":[1]},"o":{"x":[0.167],"y":[0]},"t":30,"s":[-90]},{"t":51,"s":[10]}],"ix":10},"p":{"a":0,"k":[238.375,141.512,0],"ix":2,"l":2},"a":{"a":0,"k":[160,100,0],"ix":1,"l":2},"s":{"a":1,"k":[{"i":{"x":[0.833,0.833,0.833],"y":[0.833,0.833,0.833]},"o":{"x":[0.167,0.167,0.167],"y":[0.167,0.167,0.167]},"t":30,"s":[0,0,100]},{"t":40,"s":[100,100,100]}],"ix":6,"l":2}},"ao":0,"shapes":[{"ty":"gr","it":[{"ind":0,"ty":"sh","ix":1,"ks":{"a":0,"k":{"i":[[-0.061,-0.737],[0,0],[-0.469,-0.229],[0,0],[0.802,-0.156],[0,0],[-0.133,-0.388],[0,0],[0.862,0.581],[0,0],[0.335,-0.158],[0,0],[0.06,0.737],[0,0],[0.468,0.229],[0,0],[-0.802,0.156],[0,0],[0.134,0.388],[0,0],[-0.863,-0.581],[0,0],[-0.335,0.158],[0,0]],"o":[[0,0],[0.03,0.37],[0,0],[0.934,0.456],[0,0],[-0.401,0.079],[0,0],[0.265,0.772],[0,0],[-0.433,-0.291],[0,0],[-0.668,0.316],[0,0],[-0.031,-0.37],[0,0],[-0.934,-0.456],[0,0],[0.402,-0.078],[0,0],[-0.265,-0.772],[0,0],[0.433,0.291],[0,0],[0.668,-0.316]],"v":[[2.723,-2.521],[2.803,-1.538],[3.641,-0.533],[4.885,0.075],[5.23,1.673],[4.161,1.88],[3.71,2.663],[4.064,3.693],[2.507,4.193],[1.359,3.419],[0.07,3.197],[-0.821,3.618],[-2.722,2.521],[-2.802,1.539],[-3.64,0.534],[-4.884,-0.074],[-5.229,-1.673],[-4.161,-1.882],[-3.71,-2.663],[-4.063,-3.693],[-2.506,-4.193],[-1.358,-3.419],[-0.069,-3.197],[0.822,-3.618]],"c":true},"ix":2},"nm":"Path 1","mn":"ADBE Vector Shape - Group","hd":false},{"ty":"st","c":{"a":0,"k":[0.125,0.113999998803,0.113999998803,1],"ix":3},"o":{"a":0,"k":100,"ix":4},"w":{"a":0,"k":3,"ix":5},"lc":2,"lj":1,"ml":10,"bm":0,"nm":"Stroke 1","mn":"ADBE Vector Graphic - Stroke","hd":false},{"ty":"tr","p":{"a":0,"k":[165,91.34],"ix":2},"a":{"a":0,"k":[0,0],"ix":1},"s":{"a":0,"k":[100,100],"ix":3},"r":{"a":0,"k":0,"ix":6},"o":{"a":0,"k":100,"ix":7},"sk":{"a":0,"k":0,"ix":4},"sa":{"a":0,"k":0,"ix":5},"nm":"Transform"}],"nm":"Group 1","np":2,"cix":2,"bm":0,"ix":1,"mn":"ADBE Vector Group","hd":false},{"ty":"gr","it":[{"ind":0,"ty":"sh","ix":1,"ks":{"a":0,"k":{"i":[[-0.722,1.249],[-1.164,0.678],[0.24,-0.114],[0,0],[0.433,0.291],[0,0],[-0.265,-0.772],[0,0],[0.402,-0.079],[0,0],[-0.934,-0.456],[0,0],[-0.031,-0.37],[0,0],[-0.234,-0.207]],"o":[[0.721,-1.249],[-0.295,-0.099],[0,0],[-0.335,0.159],[0,0],[-0.863,-0.581],[0,0],[0.134,0.388],[0,0],[-0.802,0.156],[0,0],[0.469,0.229],[0,0],[0.021,0.265],[0.005,-1.347]],"v":[[0.952,0.052],[3.846,-2.85],[3.006,-2.854],[2.115,-2.433],[0.826,-2.656],[-0.322,-3.429],[-1.879,-2.929],[-1.526,-1.9],[-1.977,-1.117],[-3.045,-0.909],[-2.7,0.689],[-1.456,1.297],[-0.618,2.302],[-0.538,3.284],[-0.115,4.01]],"c":true},"ix":2},"nm":"Path 1","mn":"ADBE Vector Shape - Group","hd":false},{"ty":"fl","c":{"a":0,"k":[0.486000001197,0.709999952129,0.250999989229,1],"ix":4},"o":{"a":0,"k":100,"ix":5},"r":1,"bm":0,"nm":"Fill 1","mn":"ADBE Vector Graphic - Fill","hd":false},{"ty":"tr","p":{"a":0,"k":[162.815,90.576],"ix":2},"a":{"a":0,"k":[0,0],"ix":1},"s":{"a":0,"k":[100,100],"ix":3},"r":{"a":0,"k":0,"ix":6},"o":{"a":0,"k":100,"ix":7},"sk":{"a":0,"k":0,"ix":4},"sa":{"a":0,"k":0,"ix":5},"nm":"Transform"}],"nm":"Group 2","np":2,"cix":2,"bm":0,"ix":2,"mn":"ADBE Vector Group","hd":false},{"ty":"gr","it":[{"ind":0,"ty":"sh","ix":1,"ks":{"a":0,"k":{"i":[[-0.061,-0.737],[0,0],[-0.469,-0.229],[0,0],[0.802,-0.156],[0,0],[-0.133,-0.388],[0,0],[0.862,0.581],[0,0],[0.335,-0.158],[0,0],[0.06,0.737],[0,0],[0.468,0.229],[0,0],[-0.802,0.156],[0,0],[0.134,0.388],[0,0],[-0.863,-0.581],[0,0],[-0.335,0.158],[0,0]],"o":[[0,0],[0.03,0.37],[0,0],[0.934,0.456],[0,0],[-0.401,0.079],[0,0],[0.265,0.772],[0,0],[-0.433,-0.291],[0,0],[-0.668,0.316],[0,0],[-0.031,-0.37],[0,0],[-0.934,-0.456],[0,0],[0.402,-0.078],[0,0],[-0.265,-0.772],[0,0],[0.433,0.291],[0,0],[0.668,-0.316]],"v":[[2.723,-2.521],[2.803,-1.538],[3.641,-0.533],[4.885,0.075],[5.23,1.673],[4.161,1.88],[3.71,2.663],[4.064,3.693],[2.507,4.193],[1.359,3.419],[0.07,3.197],[-0.821,3.618],[-2.722,2.521],[-2.802,1.539],[-3.64,0.534],[-4.884,-0.074],[-5.229,-1.673],[-4.161,-1.882],[-3.71,-2.663],[-4.063,-3.693],[-2.506,-4.193],[-1.358,-3.419],[-0.069,-3.197],[0.822,-3.618]],"c":true},"ix":2},"nm":"Path 1","mn":"ADBE Vector Shape - Group","hd":false},{"ty":"fl","c":{"a":0,"k":[0.6,0.808000033509,0.4,1],"ix":4},"o":{"a":0,"k":100,"ix":5},"r":1,"bm":0,"nm":"Fill 1","mn":"ADBE Vector Graphic - Fill","hd":false},{"ty":"tr","p":{"a":0,"k":[165,91.34],"ix":2},"a":{"a":0,"k":[0,0],"ix":1},"s":{"a":0,"k":[100,100],"ix":3},"r":{"a":0,"k":0,"ix":6},"o":{"a":0,"k":100,"ix":7},"sk":{"a":0,"k":0,"ix":4},"sa":{"a":0,"k":0,"ix":5},"nm":"Transform"}],"nm":"Group 3","np":2,"cix":2,"bm":0,"ix":3,"mn":"ADBE Vector Group","hd":false},{"ty":"gr","it":[{"ind":0,"ty":"sh","ix":1,"ks":{"a":0,"k":{"i":[[-3.314,5.74],[-5.739,-3.314],[3.313,-5.74],[5.74,3.315]],"o":[[3.313,-5.739],[5.739,3.313],[-3.315,5.74],[-5.739,-3.313]],"v":[[-10.392,-6.001],[6,-10.393],[10.393,5.999],[-6,10.392]],"c":true},"ix":2},"nm":"Path 1","mn":"ADBE Vector Shape - Group","hd":false},{"ty":"st","c":{"a":0,"k":[0.125,0.113999998803,0.113999998803,1],"ix":3},"o":{"a":0,"k":100,"ix":4},"w":{"a":0,"k":3,"ix":5},"lc":2,"lj":1,"ml":10,"bm":0,"nm":"Stroke 1","mn":"ADBE Vector Graphic - Stroke","hd":false},{"ty":"tr","p":{"a":0,"k":[159,101.732],"ix":2},"a":{"a":0,"k":[0,0],"ix":1},"s":{"a":0,"k":[100,100],"ix":3},"r":{"a":0,"k":0,"ix":6},"o":{"a":0,"k":100,"ix":7},"sk":{"a":0,"k":0,"ix":4},"sa":{"a":0,"k":0,"ix":5},"nm":"Transform"}],"nm":"Group 4","np":2,"cix":2,"bm":0,"ix":4,"mn":"ADBE Vector Group","hd":false},{"ty":"gr","it":[{"ind":0,"ty":"sh","ix":1,"ks":{"a":0,"k":{"i":[[-1.104,0.637],[-0.892,-1.545],[1.104,-0.638],[0.893,1.546]],"o":[[1.104,-0.637],[0.893,1.545],[-1.104,0.637],[-0.892,-1.545]],"v":[[-1.616,-2.798],[1.998,-1.154],[1.615,2.798],[-1.999,1.154]],"c":true},"ix":2},"nm":"Path 1","mn":"ADBE Vector Shape - Group","hd":false},{"ty":"fl","c":{"a":0,"k":[1,0.501999978458,0.536999990426,1],"ix":4},"o":{"a":0,"k":100,"ix":5},"r":1,"bm":0,"nm":"Fill 1","mn":"ADBE Vector Graphic - Fill","hd":false},{"ty":"tr","p":{"a":0,"k":[164.675,100.212],"ix":2},"a":{"a":0,"k":[0,0],"ix":1},"s":{"a":0,"k":[100,100],"ix":3},"r":{"a":0,"k":0,"ix":6},"o":{"a":0,"k":100,"ix":7},"sk":{"a":0,"k":0,"ix":4},"sa":{"a":0,"k":0,"ix":5},"nm":"Transform"}],"nm":"Group 5","np":2,"cix":2,"bm":0,"ix":5,"mn":"ADBE Vector Group","hd":false},{"ty":"gr","it":[{"ind":0,"ty":"sh","ix":1,"ks":{"a":0,"k":{"i":[[-2.918,5.055],[-5.32,-1.828],[0.684,0.395],[3.314,-5.739],[-5.74,-3.313],[-0.719,-0.248]],"o":[[2.919,-5.055],[-0.574,-0.499],[-5.74,-3.314],[-3.314,5.74],[0.684,0.396],[-4.244,-3.694]],"v":[[-3.484,-2.514],[10.796,-7.864],[8.911,-9.214],[-7.482,-4.822],[-3.089,11.57],[-0.978,12.528]],"c":true},"ix":2},"nm":"Path 1","mn":"ADBE Vector Shape - Group","hd":false},{"ty":"fl","c":{"a":0,"k":[0.769000004787,0.019999999626,0.075,1],"ix":4},"o":{"a":0,"k":100,"ix":5},"r":1,"bm":0,"nm":"Fill 1","mn":"ADBE Vector Graphic - Fill","hd":false},{"ty":"tr","p":{"a":0,"k":[156.089,100.554],"ix":2},"a":{"a":0,"k":[0,0],"ix":1},"s":{"a":0,"k":[100,100],"ix":3},"r":{"a":0,"k":0,"ix":6},"o":{"a":0,"k":100,"ix":7},"sk":{"a":0,"k":0,"ix":4},"sa":{"a":0,"k":0,"ix":5},"nm":"Transform"}],"nm":"Group 6","np":2,"cix":2,"bm":0,"ix":6,"mn":"ADBE Vector Group","hd":false},{"ty":"gr","it":[{"ind":0,"ty":"sh","ix":1,"ks":{"a":0,"k":{"i":[[-3.314,5.74],[-5.739,-3.314],[3.313,-5.74],[5.74,3.315]],"o":[[3.313,-5.739],[5.739,3.313],[-3.315,5.74],[-5.739,-3.313]],"v":[[-10.392,-6.001],[6,-10.393],[10.393,5.999],[-6,10.392]],"c":true},"ix":2},"nm":"Path 1","mn":"ADBE Vector Shape - Group","hd":false},{"ty":"fl","c":{"a":0,"k":[0.987999949736,0.13300000359,0.172999991623,1],"ix":4},"o":{"a":0,"k":100,"ix":5},"r":1,"bm":0,"nm":"Fill 1","mn":"ADBE Vector Graphic - Fill","hd":false},{"ty":"tr","p":{"a":0,"k":[159,101.732],"ix":2},"a":{"a":0,"k":[0,0],"ix":1},"s":{"a":0,"k":[100,100],"ix":3},"r":{"a":0,"k":0,"ix":6},"o":{"a":0,"k":100,"ix":7},"sk":{"a":0,"k":0,"ix":4},"sa":{"a":0,"k":0,"ix":5},"nm":"Transform"}],"nm":"Group 7","np":2,"cix":2,"bm":0,"ix":7,"mn":"ADBE Vector Group","hd":false},{"ty":"gr","it":[{"ind":0,"ty":"sh","ix":1,"ks":{"a":0,"k":{"i":[[1.104,0],[0,0],[0,1.104],[0,0],[-1.104,0],[0,0],[0,-1.104],[0,0]],"o":[[0,0],[-1.104,0],[0,0],[0,-1.104],[0,0],[1.104,0],[0,0],[0,1.104]],"v":[[20,20],[-20,20],[-22,18],[-22,-18],[-20,-20],[20,-20],[22,-18],[22,18]],"c":true},"ix":2},"nm":"Path 1","mn":"ADBE Vector Shape - Group","hd":false},{"ty":"st","c":{"a":0,"k":[0.125,0.113999998803,0.113999998803,1],"ix":3},"o":{"a":0,"k":100,"ix":4},"w":{"a":0,"k":3,"ix":5},"lc":1,"lj":1,"ml":10,"bm":0,"nm":"Stroke 1","mn":"ADBE Vector Graphic - Stroke","hd":false},{"ty":"fl","c":{"a":0,"k":[1,1,1,1],"ix":4},"o":{"a":0,"k":100,"ix":5},"r":1,"bm":0,"nm":"Fill 1","mn":"ADBE Vector Graphic - Fill","hd":false},{"ty":"tr","p":{"a":0,"k":[160,100],"ix":2},"a":{"a":0,"k":[0,0],"ix":1},"s":{"a":0,"k":[100,100],"ix":3},"r":{"a":0,"k":0,"ix":6},"o":{"a":0,"k":100,"ix":7},"sk":{"a":0,"k":0,"ix":4},"sa":{"a":0,"k":0,"ix":5},"nm":"Transform"}],"nm":"Group 8","np":3,"cix":2,"bm":0,"ix":8,"mn":"ADBE Vector Group","hd":false}],"ip":30,"op":130,"st":30,"bm":0},{"ddd":0,"ind":5,"ty":4,"nm":"Card 01","sr":1,"ks":{"o":{"a":0,"k":100,"ix":11},"r":{"a":1,"k":[{"i":{"x":[0.086],"y":[1]},"o":{"x":[0.167],"y":[0]},"t":30,"s":[-90]},{"t":51,"s":[30]}],"ix":10},"p":{"a":1,"k":[{"i":{"x":0.086,"y":1},"o":{"x":0.333,"y":0},"t":34,"s":[238.375,131.512,0],"to":[1.667,1.667,0],"ti":[-1.667,-1.667,0]},{"t":51,"s":[248.375,141.512,0]}],"ix":2,"l":2},"a":{"a":0,"k":[160,100,0],"ix":1,"l":2},"s":{"a":1,"k":[{"i":{"x":[0.833,0.833,0.833],"y":[0.833,0.833,0.833]},"o":{"x":[0.167,0.167,0.167],"y":[0.167,0.167,0.167]},"t":30,"s":[0,0,100]},{"t":40,"s":[100,100,100]}],"ix":6,"l":2}},"ao":0,"shapes":[{"ty":"gr","it":[{"ind":0,"ty":"sh","ix":1,"ks":{"a":0,"k":{"i":[[0,0],[0.812,-0.306],[0.144,-0.084],[-0.828,-1.434],[-1.435,0.829],[-0.125,0.102],[-5.171,2.984],[0.998,4.781],[0.512,0.887],[0.738,0.66],[5.17,-2.985],[-0.999,-4.781]],"o":[[-0.74,-0.382],[-0.152,0.057],[-1.435,0.828],[0.828,1.435],[0.144,-0.083],[3.641,3.256],[5.169,-2.986],[-0.202,-0.969],[-0.511,-0.887],[-3.641,-3.255],[-5.17,2.985],[0,0]],"v":[[-9.185,3.842],[-11.624,3.701],[-12.071,3.903],[-13.169,8],[-9.071,9.098],[-8.674,8.812],[6.188,9.527],[12.999,-3.701],[11.945,-6.5],[10.048,-8.812],[-4.813,-9.526],[-11.624,3.701]],"c":false},"ix":2},"nm":"Path 1","mn":"ADBE Vector Shape - Group","hd":false},{"ty":"st","c":{"a":0,"k":[0.125,0.113999998803,0.113999998803,1],"ix":3},"o":{"a":0,"k":100,"ix":4},"w":{"a":0,"k":3,"ix":5},"lc":2,"lj":1,"ml":10,"bm":0,"nm":"Stroke 1","mn":"ADBE Vector Graphic - Stroke","hd":false},{"ty":"tr","p":{"a":0,"k":[158.88,100.25],"ix":2},"a":{"a":0,"k":[0,0],"ix":1},"s":{"a":0,"k":[100,100],"ix":3},"r":{"a":0,"k":0,"ix":6},"o":{"a":0,"k":100,"ix":7},"sk":{"a":0,"k":0,"ix":4},"sa":{"a":0,"k":0,"ix":5},"nm":"Transform"}],"nm":"Group 1","np":2,"cix":2,"bm":0,"ix":1,"mn":"ADBE Vector Group","hd":false},{"ty":"gr","it":[{"ind":0,"ty":"sh","ix":1,"ks":{"a":0,"k":{"i":[[0,0],[-0.144,0.084],[0.829,1.435],[1.435,-0.829],[0.125,-0.102]],"o":[[0.151,-0.057],[1.435,-0.828],[-0.828,-1.435],[-0.144,0.084],[0,0]],"v":[[0.289,3.113],[0.735,2.912],[1.833,-1.186],[-2.265,-2.284],[-2.662,-1.998]],"c":false},"ix":2},"nm":"Path 1","mn":"ADBE Vector Shape - Group","hd":false},{"ty":"st","c":{"a":0,"k":[0.125,0.113999998803,0.113999998803,1],"ix":3},"o":{"a":0,"k":100,"ix":4},"w":{"a":0,"k":3,"ix":5},"lc":1,"lj":1,"ml":10,"bm":0,"nm":"Stroke 1","mn":"ADBE Vector Graphic - Stroke","hd":false},{"ty":"tr","p":{"a":0,"k":[172.456,92.936],"ix":2},"a":{"a":0,"k":[0,0],"ix":1},"s":{"a":0,"k":[100,100],"ix":3},"r":{"a":0,"k":0,"ix":6},"o":{"a":0,"k":100,"ix":7},"sk":{"a":0,"k":0,"ix":4},"sa":{"a":0,"k":0,"ix":5},"nm":"Transform"}],"nm":"Group 2","np":2,"cix":2,"bm":0,"ix":2,"mn":"ADBE Vector Group","hd":false},{"ty":"gr","it":[{"ind":0,"ty":"sh","ix":1,"ks":{"a":0,"k":{"i":[[0.652,1.13],[-0.801,0.939],[0.305,-0.176],[-0.829,-1.435],[-1.435,0.829],[-0.216,0.254]],"o":[[-0.652,-1.13],[-0.328,0.06],[-1.435,0.828],[0.828,1.435],[0.305,-0.176],[-1.213,0.224]],"v":[[-0.289,0.256],[0.035,-3.183],[-0.923,-2.842],[-2.021,1.256],[2.077,2.354],[2.851,1.694]],"c":true},"ix":2},"nm":"Path 1","mn":"ADBE Vector Shape - Group","hd":false},{"ty":"fl","c":{"a":0,"k":[0.838999968884,0.741000007181,0.149000010771,1],"ix":4},"o":{"a":0,"k":100,"ix":5},"r":1,"bm":0,"nm":"Fill 1","mn":"ADBE Vector Graphic - Fill","hd":false},{"ty":"tr","p":{"a":0,"k":[147.732,106.994],"ix":2},"a":{"a":0,"k":[0,0],"ix":1},"s":{"a":0,"k":[100,100],"ix":3},"r":{"a":0,"k":0,"ix":6},"o":{"a":0,"k":100,"ix":7},"sk":{"a":0,"k":0,"ix":4},"sa":{"a":0,"k":0,"ix":5},"nm":"Transform"}],"nm":"Group 3","np":2,"cix":2,"bm":0,"ix":3,"mn":"ADBE Vector Group","hd":false},{"ty":"gr","it":[{"ind":0,"ty":"sh","ix":1,"ks":{"a":0,"k":{"i":[[0.829,1.435],[-1.434,0.828],[-0.828,-1.435],[1.435,-0.828]],"o":[[-0.828,-1.435],[1.435,-0.829],[0.829,1.435],[-1.434,0.829]],"v":[[-2.598,1.5],[-1.501,-2.598],[2.598,-1.5],[1.499,2.598]],"c":true},"ix":2},"nm":"Path 1","mn":"ADBE Vector Shape - Group","hd":false},{"ty":"fl","c":{"a":0,"k":[0.957000014361,0.870999983245,0.231000010173,1],"ix":4},"o":{"a":0,"k":100,"ix":5},"r":1,"bm":0,"nm":"Fill 1","mn":"ADBE Vector Graphic - Fill","hd":false},{"ty":"tr","p":{"a":0,"k":[148.309,106.75],"ix":2},"a":{"a":0,"k":[0,0],"ix":1},"s":{"a":0,"k":[100,100],"ix":3},"r":{"a":0,"k":0,"ix":6},"o":{"a":0,"k":100,"ix":7},"sk":{"a":0,"k":0,"ix":4},"sa":{"a":0,"k":0,"ix":5},"nm":"Transform"}],"nm":"Group 4","np":2,"cix":2,"bm":0,"ix":4,"mn":"ADBE Vector Group","hd":false},{"ty":"gr","it":[{"ind":0,"ty":"sh","ix":1,"ks":{"a":0,"k":{"i":[[0.828,1.435],[-1.435,0.828],[-0.828,-1.435],[1.434,-0.828]],"o":[[-0.829,-1.435],[1.434,-0.829],[0.829,1.435],[-1.435,0.828]],"v":[[-2.597,1.501],[-1.499,-2.598],[2.598,-1.5],[1.501,2.599]],"c":true},"ix":2},"nm":"Path 1","mn":"ADBE Vector Shape - Group","hd":false},{"ty":"fl","c":{"a":0,"k":[0.957000014361,0.870999983245,0.231000010173,1],"ix":4},"o":{"a":0,"k":100,"ix":5},"r":1,"bm":0,"nm":"Fill 1","mn":"ADBE Vector Graphic - Fill","hd":false},{"ty":"tr","p":{"a":0,"k":[171.691,93.25],"ix":2},"a":{"a":0,"k":[0,0],"ix":1},"s":{"a":0,"k":[100,100],"ix":3},"r":{"a":0,"k":0,"ix":6},"o":{"a":0,"k":100,"ix":7},"sk":{"a":0,"k":0,"ix":4},"sa":{"a":0,"k":0,"ix":5},"nm":"Transform"}],"nm":"Group 5","np":2,"cix":2,"bm":0,"ix":5,"mn":"ADBE Vector Group","hd":false},{"ty":"gr","it":[{"ind":0,"ty":"sh","ix":1,"ks":{"a":0,"k":{"i":[[2.749,4.762],[-4.985,3.82],[0.591,-0.341],[-3.038,-5.262],[-6.218,3.59],[-0.524,0.401]],"o":[[-2.749,-4.762],[-0.609,0.253],[-6.218,3.589],[3.037,5.261],[0.59,-0.34],[-5.802,2.408]],"v":[[-4.226,3.143],[-0.128,-11.759],[-1.932,-10.883],[-7.69,5.143],[9.068,8.169],[10.729,7.045]],"c":true},"ix":2},"nm":"Path 1","mn":"ADBE Vector Shape - Group","hd":false},{"ty":"fl","c":{"a":0,"k":[0.838999968884,0.741000007181,0.149000010771,1],"ix":4},"o":{"a":0,"k":100,"ix":5},"r":1,"bm":0,"nm":"Fill 1","mn":"ADBE Vector Graphic - Fill","hd":false},{"ty":"tr","p":{"a":0,"k":[155.999,101.607],"ix":2},"a":{"a":0,"k":[0,0],"ix":1},"s":{"a":0,"k":[100,100],"ix":3},"r":{"a":0,"k":0,"ix":6},"o":{"a":0,"k":100,"ix":7},"sk":{"a":0,"k":0,"ix":4},"sa":{"a":0,"k":0,"ix":5},"nm":"Transform"}],"nm":"Group 6","np":2,"cix":2,"bm":0,"ix":6,"mn":"ADBE Vector Group","hd":false},{"ty":"gr","it":[{"ind":0,"ty":"sh","ix":1,"ks":{"a":0,"k":{"i":[[0,1.38],[-1.933,0],[0,-1.381],[1.933,0]],"o":[[0,-1.381],[1.933,0],[0,1.38],[-1.933,0]],"v":[[-3.5,0],[0,-2.5],[3.5,0],[0,2.5]],"c":true},"ix":2},"nm":"Path 1","mn":"ADBE Vector Shape - Group","hd":false},{"ty":"fl","c":{"a":0,"k":[0.987999949736,0.925,0.573000021542,1],"ix":4},"o":{"a":0,"k":100,"ix":5},"r":1,"bm":0,"nm":"Fill 1","mn":"ADBE Vector Graphic - Fill","hd":false},{"ty":"tr","p":{"a":0,"k":[161.214,94.103],"ix":2},"a":{"a":0,"k":[0,0],"ix":1},"s":{"a":0,"k":[100,100],"ix":3},"r":{"a":0,"k":0,"ix":6},"o":{"a":0,"k":100,"ix":7},"sk":{"a":0,"k":0,"ix":4},"sa":{"a":0,"k":0,"ix":5},"nm":"Transform"}],"nm":"Group 7","np":2,"cix":2,"bm":0,"ix":7,"mn":"ADBE Vector Group","hd":false},{"ty":"gr","it":[{"ind":0,"ty":"sh","ix":1,"ks":{"a":0,"k":{"i":[[3.038,5.261],[-6.217,3.589],[-3.038,-5.261],[6.218,-3.589]],"o":[[-3.038,-5.262],[6.218,-3.59],[3.038,5.261],[-6.218,3.59]],"v":[[-11.258,6.5],[-5.5,-9.526],[11.259,-6.5],[5.501,9.526]],"c":true},"ix":2},"nm":"Path 1","mn":"ADBE Vector Shape - Group","hd":false},{"ty":"fl","c":{"a":0,"k":[0.957000014361,0.870999983245,0.231000010173,1],"ix":4},"o":{"a":0,"k":100,"ix":5},"r":1,"bm":0,"nm":"Fill 1","mn":"ADBE Vector Graphic - Fill","hd":false},{"ty":"tr","p":{"a":0,"k":[159.567,100.25],"ix":2},"a":{"a":0,"k":[0,0],"ix":1},"s":{"a":0,"k":[100,100],"ix":3},"r":{"a":0,"k":0,"ix":6},"o":{"a":0,"k":100,"ix":7},"sk":{"a":0,"k":0,"ix":4},"sa":{"a":0,"k":0,"ix":5},"nm":"Transform"}],"nm":"Group 8","np":2,"cix":2,"bm":0,"ix":8,"mn":"ADBE Vector Group","hd":false},{"ty":"gr","it":[{"ind":0,"ty":"sh","ix":1,"ks":{"a":0,"k":{"i":[[1.104,0],[0,0],[0,1.104],[0,0],[-1.104,0],[0,0],[0,-1.104],[0,0]],"o":[[0,0],[-1.104,0],[0,0],[0,-1.104],[0,0],[1.104,0],[0,0],[0,1.104]],"v":[[20,20],[-20,20],[-22,18],[-22,-18],[-20,-20],[20,-20],[22,-18],[22,18]],"c":true},"ix":2},"nm":"Path 1","mn":"ADBE Vector Shape - Group","hd":false},{"ty":"st","c":{"a":0,"k":[0.125,0.113999998803,0.113999998803,1],"ix":3},"o":{"a":0,"k":100,"ix":4},"w":{"a":0,"k":3,"ix":5},"lc":1,"lj":1,"ml":10,"bm":0,"nm":"Stroke 1","mn":"ADBE Vector Graphic - Stroke","hd":false},{"ty":"fl","c":{"a":0,"k":[1,1,1,1],"ix":4},"o":{"a":0,"k":100,"ix":5},"r":1,"bm":0,"nm":"Fill 1","mn":"ADBE Vector Graphic - Fill","hd":false},{"ty":"tr","p":{"a":0,"k":[160,100],"ix":2},"a":{"a":0,"k":[0,0],"ix":1},"s":{"a":0,"k":[100,100],"ix":3},"r":{"a":0,"k":0,"ix":6},"o":{"a":0,"k":100,"ix":7},"sk":{"a":0,"k":0,"ix":4},"sa":{"a":0,"k":0,"ix":5},"nm":"Transform"}],"nm":"Group 9","np":3,"cix":2,"bm":0,"ix":9,"mn":"ADBE Vector Group","hd":false}],"ip":30,"op":130,"st":30,"bm":0},{"ddd":0,"ind":6,"ty":4,"nm":"Ribbon","sr":1,"ks":{"o":{"a":0,"k":100,"ix":11},"r":{"a":0,"k":0,"ix":10},"p":{"a":0,"k":[160,95,0],"ix":2,"l":2},"a":{"a":0,"k":[160,100,0],"ix":1,"l":2},"s":{"a":0,"k":[100,100,100],"ix":6,"l":2}},"ao":0,"shapes":[{"ind":0,"ty":"sh","ix":1,"ks":{"a":1,"k":[{"i":{"x":0.667,"y":1},"o":{"x":0.333,"y":0},"t":30,"s":[{"i":[[0,0],[0,0],[0,0],[0,0],[0,0]],"o":[[0,0],[0,0],[0,0],[0,0],[0,0]],"v":[[170,39.982],[160,39.99],[150,39.982],[150,40],[170,40]],"c":true}]},{"i":{"x":0.416,"y":1},"o":{"x":0.333,"y":0},"t":37,"s":[{"i":[[0,0],[0,0],[0,0],[0,0],[0,0]],"o":[[0,0],[0,0],[0,0],[0,0],[0,0]],"v":[[170,134.444],[160,128.444],[150,134.444],[150,40],[170,40]],"c":true}]},{"t":50,"s":[{"i":[[0,0],[0,0],[0,0],[0,0],[0,0]],"o":[[0,0],[0,0],[0,0],[0,0],[0,0]],"v":[[170,120],[160,114],[150,120],[150,40],[170,40]],"c":true}]}],"ix":2},"nm":"Path 1","mn":"ADBE Vector Shape - Group","hd":false},{"ty":"st","c":{"a":0,"k":[0.125,0.113999998803,0.113999998803,1],"ix":3},"o":{"a":0,"k":100,"ix":4},"w":{"a":0,"k":4,"ix":5},"lc":1,"lj":1,"ml":10,"bm":0,"nm":"Stroke 1","mn":"ADBE Vector Graphic - Stroke","hd":false},{"ty":"fl","c":{"a":0,"k":[1,0.616000007181,0,1],"ix":4},"o":{"a":0,"k":100,"ix":5},"r":1,"bm":0,"nm":"Fill 1","mn":"ADBE Vector Graphic - Fill","hd":false}],"ip":30,"op":130,"st":30,"bm":0},{"ddd":0,"ind":7,"ty":4,"nm":"Heart stroke","sr":1,"ks":{"o":{"a":0,"k":100,"ix":11},"r":{"a":0,"k":0,"ix":10},"p":{"a":0,"k":[202.5,70.866,0],"ix":2,"l":2},"a":{"a":0,"k":[202.5,70.866,0],"ix":1,"l":2},"s":{"a":0,"k":[100,100,100],"ix":6,"l":2}},"ao":0,"shapes":[{"ind":0,"ty":"sh","ix":1,"ks":{"a":0,"k":{"i":[[4.01,0.498],[1.87,-2.314],[3.29,-0.409],[0.503,-4.01],[-2.302,-1.875],[0,0],[-2.315,2.195],[0,0],[0.412,3.281]],"o":[[-3.29,-0.409],[-1.871,-2.314],[-4.01,0.498],[-0.412,3.281],[0,0],[2.314,2.195],[0,0],[2.302,-1.875],[-0.503,-4.01]],"v":[[210.65,58.072],[202.5,61.349],[194.349,58.072],[186.573,65.837],[189.822,73.98],[198.372,82.086],[206.628,82.086],[215.177,73.98],[218.426,65.837]],"c":true},"ix":2},"nm":"Path 1","mn":"ADBE Vector Shape - Group","hd":false},{"ty":"st","c":{"a":0,"k":[0.125,0.113999998803,0.113999998803,1],"ix":3},"o":{"a":0,"k":100,"ix":4},"w":{"a":0,"k":3,"ix":5},"lc":2,"lj":1,"ml":10,"bm":0,"nm":"Stroke 1","mn":"ADBE Vector Graphic - Stroke","hd":false},{"ty":"tm","s":{"a":0,"k":0,"ix":1},"e":{"a":1,"k":[{"i":{"x":[0.185],"y":[1]},"o":{"x":[0.333],"y":[0]},"t":20,"s":[0]},{"t":32,"s":[100]}],"ix":2},"o":{"a":0,"k":0,"ix":3},"m":1,"ix":3,"nm":"Trim Paths 1","mn":"ADBE Vector Filter - Trim","hd":false}],"ip":20,"op":120,"st":20,"bm":0},{"ddd":0,"ind":8,"ty":4,"nm":"Heart shadow mask","td":1,"sr":1,"ks":{"o":{"a":0,"k":100,"ix":11},"r":{"a":0,"k":0,"ix":10},"p":{"a":0,"k":[202.5,70.866,0],"ix":2,"l":2},"a":{"a":0,"k":[202.5,70.866,0],"ix":1,"l":2},"s":{"a":0,"k":[100,100,100],"ix":6,"l":2}},"ao":0,"shapes":[{"ind":0,"ty":"sh","ix":1,"ks":{"a":0,"k":{"i":[[1.302,1.235],[0,0],[-0.412,3.282],[-1.64,1.42],[0.473,-3.765],[-2.302,-1.875],[0,0],[-2.315,2.195],[0,0]],"o":[[0,0],[-2.302,-1.875],[0.279,-2.229],[-3.674,0.776],[-0.412,3.282],[0,0],[2.314,2.195],[0,0],[-1.665,0.155]],"v":[[202.372,80.086],[193.822,71.98],[190.573,63.836],[193.628,58.193],[186.573,65.836],[189.822,73.98],[198.372,82.086],[206.628,82.086],[207.056,81.68]],"c":true},"ix":2},"nm":"Path 1","mn":"ADBE Vector Shape - Group","hd":false},{"ty":"fl","c":{"a":0,"k":[0.769000004787,0.019999999626,0.075,1],"ix":4},"o":{"a":0,"k":100,"ix":5},"r":1,"bm":0,"nm":"Fill 1","mn":"ADBE Vector Graphic - Fill","hd":false}],"ip":22,"op":122,"st":22,"bm":0},{"ddd":0,"ind":9,"ty":4,"nm":"Heart shadow","tt":1,"sr":1,"ks":{"o":{"a":0,"k":100,"ix":11},"r":{"a":0,"k":0,"ix":10},"p":{"a":1,"k":[{"i":{"x":0.833,"y":0.833},"o":{"x":0.167,"y":0.167},"t":22,"s":[202,98,0],"to":[0,-4.667,0],"ti":[0,4.667,0]},{"t":29,"s":[202,70,0]}],"ix":2,"l":2},"a":{"a":0,"k":[0,0,0],"ix":1,"l":2},"s":{"a":0,"k":[100,100,100],"ix":6,"l":2}},"ao":0,"shapes":[{"ty":"gr","it":[{"ty":"rc","d":1,"s":{"a":0,"k":[32,26],"ix":2},"p":{"a":0,"k":[0,0],"ix":3},"r":{"a":0,"k":0,"ix":4},"nm":"Rectangle Path 1","mn":"ADBE Vector Shape - Rect","hd":false},{"ty":"fl","c":{"a":0,"k":[0.76862745098,0.019607843137,0.074509803922,1],"ix":4},"o":{"a":0,"k":100,"ix":5},"r":1,"bm":0,"nm":"Fill 1","mn":"ADBE Vector Graphic - Fill","hd":false},{"ty":"tr","p":{"a":0,"k":[0,0],"ix":2},"a":{"a":0,"k":[0,0],"ix":1},"s":{"a":0,"k":[100,100],"ix":3},"r":{"a":0,"k":0,"ix":6},"o":{"a":0,"k":100,"ix":7},"sk":{"a":0,"k":0,"ix":4},"sa":{"a":0,"k":0,"ix":5},"nm":"Transform"}],"nm":"Rectangle 1","np":3,"cix":2,"bm":0,"ix":1,"mn":"ADBE Vector Group","hd":false}],"ip":22,"op":122,"st":22,"bm":0},{"ddd":0,"ind":10,"ty":4,"nm":"Heart bg mask","td":1,"sr":1,"ks":{"o":{"a":0,"k":100,"ix":11},"r":{"a":0,"k":0,"ix":10},"p":{"a":0,"k":[202.5,70.866,0],"ix":2,"l":2},"a":{"a":0,"k":[202.5,70.866,0],"ix":1,"l":2},"s":{"a":0,"k":[100,100,100],"ix":6,"l":2}},"ao":0,"shapes":[{"ind":0,"ty":"sh","ix":1,"ks":{"a":0,"k":{"i":[[4.01,0.498],[1.87,-2.314],[3.29,-0.409],[0.503,-4.01],[-2.302,-1.875],[0,0],[-2.315,2.195],[0,0],[0.412,3.281]],"o":[[-3.29,-0.409],[-1.871,-2.314],[-4.01,0.498],[-0.412,3.281],[0,0],[2.314,2.195],[0,0],[2.302,-1.875],[-0.503,-4.01]],"v":[[210.65,58.072],[202.5,61.349],[194.349,58.072],[186.573,65.837],[189.822,73.98],[198.372,82.086],[206.628,82.086],[215.177,73.98],[218.426,65.837]],"c":true},"ix":2},"nm":"Path 1","mn":"ADBE Vector Shape - Group","hd":false},{"ty":"fl","c":{"a":0,"k":[0.987999949736,0.13300000359,0.172999991623,1],"ix":4},"o":{"a":0,"k":100,"ix":5},"r":1,"bm":0,"nm":"Fill 1","mn":"ADBE Vector Graphic - Fill","hd":false}],"ip":20,"op":120,"st":20,"bm":0},{"ddd":0,"ind":11,"ty":4,"nm":"Heart bg","tt":1,"sr":1,"ks":{"o":{"a":0,"k":100,"ix":11},"r":{"a":0,"k":0,"ix":10},"p":{"a":1,"k":[{"i":{"x":0.833,"y":0.833},"o":{"x":0.167,"y":0.167},"t":20,"s":[202,98,0],"to":[0,-4.667,0],"ti":[0,4.667,0]},{"t":27,"s":[202,70,0]}],"ix":2,"l":2},"a":{"a":0,"k":[0,0,0],"ix":1,"l":2},"s":{"a":0,"k":[100,100,100],"ix":6,"l":2}},"ao":0,"shapes":[{"ty":"gr","it":[{"ty":"rc","d":1,"s":{"a":0,"k":[32,26],"ix":2},"p":{"a":0,"k":[0,0],"ix":3},"r":{"a":0,"k":0,"ix":4},"nm":"Rectangle Path 1","mn":"ADBE Vector Shape - Rect","hd":false},{"ty":"fl","c":{"a":0,"k":[0.987999949736,0.13300000359,0.172999991623,1],"ix":4},"o":{"a":0,"k":100,"ix":5},"r":1,"bm":0,"nm":"Fill 1","mn":"ADBE Vector Graphic - Fill","hd":false},{"ty":"tr","p":{"a":0,"k":[0,0],"ix":2},"a":{"a":0,"k":[0,0],"ix":1},"s":{"a":0,"k":[100,100],"ix":3},"r":{"a":0,"k":0,"ix":6},"o":{"a":0,"k":100,"ix":7},"sk":{"a":0,"k":0,"ix":4},"sa":{"a":0,"k":0,"ix":5},"nm":"Transform"}],"nm":"Rectangle 1","np":3,"cix":2,"bm":0,"ix":1,"mn":"ADBE Vector Group","hd":false}],"ip":20,"op":120,"st":20,"bm":0},{"ddd":0,"ind":12,"ty":4,"nm":"Chef hat strokes","sr":1,"ks":{"o":{"a":0,"k":100,"ix":11},"r":{"a":0,"k":0,"ix":10},"p":{"a":0,"k":[117.5,67,0],"ix":2,"l":2},"a":{"a":0,"k":[150.5,71,0],"ix":1,"l":2},"s":{"a":0,"k":[100,100,100],"ix":6,"l":2}},"ao":0,"shapes":[{"ind":0,"ty":"sh","ix":1,"ks":{"a":0,"k":{"i":[[0,0],[2.024,-1.041],[1.481,0],[1.233,0.635],[0.771,2.167]],"o":[[-0.771,2.167],[-1.232,0.635],[-1.482,0],[-2.024,-1.041],[0,0]],"v":[[158.964,67],[154.607,72.001],[150.5,73],[146.392,72.001],[142.035,67]],"c":false},"ix":2},"nm":"Path 1","mn":"ADBE Vector Shape - Group","hd":false},{"ind":1,"ty":"sh","ix":2,"ks":{"a":0,"k":{"i":[[0,0],[1.906,0],[0,3.866],[-3.866,0],[-0.3,-0.039],[-3.558,0],[-1.461,-2.997],[-0.31,0],[0,-3.867],[3.867,0],[1.262,1.235]],"o":[[-1.262,1.235],[-3.866,0],[0,-3.867],[0.311,0],[1.461,-2.997],[3.559,0],[0.3,-0.039],[3.867,0],[0,3.866],[-1.905,0],[0,0]],"v":[[146.393,72.002],[141.5,74.001],[134.5,67.001],[141.5,60.001],[142.415,60.067],[150.5,55.001],[158.586,60.067],[159.5,60.001],[166.5,67.001],[159.5,74.001],[154.608,72.002]],"c":false},"ix":2},"nm":"Path 2","mn":"ADBE Vector Shape - Group","hd":false},{"ind":2,"ty":"sh","ix":3,"ks":{"a":0,"k":{"i":[[0,0],[0,0],[-1.104,0],[0,0],[0,1.105],[0,0],[0,0]],"o":[[0,0],[0,1.105],[0,0],[1.104,0],[0,0],[-0.01,0],[0,0]],"v":[[141.53,73.999],[141.53,84.546],[143.53,86.546],[157.53,86.546],[159.53,84.546],[159.53,73.999],[159.5,74]],"c":false},"ix":2},"nm":"Path 3","mn":"ADBE Vector Shape - Group","hd":false},{"ty":"tm","s":{"a":0,"k":0,"ix":1},"e":{"a":1,"k":[{"i":{"x":[0.185],"y":[1]},"o":{"x":[0.333],"y":[0]},"t":18,"s":[0]},{"t":30,"s":[100]}],"ix":2},"o":{"a":0,"k":0,"ix":3},"m":1,"ix":4,"nm":"Trim Paths 1","mn":"ADBE Vector Filter - Trim","hd":false},{"ty":"st","c":{"a":0,"k":[0.125,0.113999998803,0.113999998803,1],"ix":3},"o":{"a":0,"k":100,"ix":4},"w":{"a":0,"k":3,"ix":5},"lc":2,"lj":1,"ml":10,"bm":0,"nm":"Stroke 1","mn":"ADBE Vector Graphic - Stroke","hd":false}],"ip":18,"op":118,"st":18,"bm":0},{"ddd":0,"ind":13,"ty":4,"nm":"Chef hat shadows mask","td":1,"sr":1,"ks":{"o":{"a":0,"k":100,"ix":11},"r":{"a":0,"k":0,"ix":10},"p":{"a":0,"k":[117.5,67,0],"ix":2,"l":2},"a":{"a":0,"k":[150.5,71,0],"ix":1,"l":2},"s":{"a":0,"k":[100,100,100],"ix":6,"l":2}},"ao":0,"shapes":[{"ind":0,"ty":"sh","ix":1,"ks":{"a":0,"k":{"i":[[0,3.17],[-2.891,0.861],[0.695,0],[0,-3.866],[-3.866,0],[-0.634,0.188]],"o":[[0,-3.17],[-0.634,-0.189],[-3.866,0],[0,3.866],[0.695,0],[-2.891,-0.862]],"v":[[138.5,67],[143.5,60.294],[141.5,60],[134.5,67],[141.5,74],[143.5,73.707]],"c":true},"ix":2},"nm":"Path 1","mn":"ADBE Vector Shape - Group","hd":false},{"ind":1,"ty":"sh","ix":2,"ks":{"a":0,"k":{"i":[[0,4.282],[-4.007,0.91],[0.688,0],[0,-4.971],[-4.971,0],[-0.644,0.146]],"o":[[0,-4.282],[-0.644,-0.147],[-4.971,0],[0,4.971],[0.688,0],[-4.007,-0.911]],"v":[[145.5,64],[152.5,55.231],[150.5,55],[141.5,64],[150.5,73],[152.5,72.77]],"c":true},"ix":2},"nm":"Path 2","mn":"ADBE Vector Shape - Group","hd":false},{"ind":2,"ty":"sh","ix":3,"ks":{"a":0,"k":{"i":[[0,1.104],[0,0],[-1.076,0.686],[0.878,0.452],[1.895,-0.008],[0,0],[-1.104,0],[0,0]],"o":[[0,0],[1.37,-0.006],[-1.014,-0.144],[-1.255,1.229],[0,0],[0,1.104],[0,0],[-1.104,0]],"v":[[145.53,84.547],[145.53,73.999],[149.248,72.903],[146.395,72],[141.53,73.999],[141.53,84.547],[143.53,86.547],[147.53,86.547]],"c":true},"ix":2},"nm":"Path 3","mn":"ADBE Vector Shape - Group","hd":false},{"ty":"fl","c":{"a":0,"k":[0.917999985639,0.917999985639,0.917999985639,1],"ix":4},"o":{"a":0,"k":100,"ix":5},"r":1,"bm":0,"nm":"Fill 1","mn":"ADBE Vector Graphic - Fill","hd":false}],"ip":18,"op":118,"st":18,"bm":0},{"ddd":0,"ind":14,"ty":4,"nm":"Chef hat shadows","tt":1,"sr":1,"ks":{"o":{"a":0,"k":100,"ix":11},"r":{"a":0,"k":0,"ix":10},"p":{"a":1,"k":[{"i":{"x":0.833,"y":0.833},"o":{"x":0.167,"y":0.167},"t":18,"s":[113,110,0],"to":[0,-7.167,0],"ti":[0,7.167,0]},{"t":26,"s":[113,67,0]}],"ix":2,"l":2},"a":{"a":0,"k":[0,0,0],"ix":1,"l":2},"s":{"a":0,"k":[100,100,100],"ix":6,"l":2}},"ao":0,"shapes":[{"ty":"gr","it":[{"ty":"rc","d":1,"s":{"a":0,"k":[32,32],"ix":2},"p":{"a":0,"k":[0,0],"ix":3},"r":{"a":0,"k":0,"ix":4},"nm":"Rectangle Path 1","mn":"ADBE Vector Shape - Rect","hd":false},{"ty":"fl","c":{"a":0,"k":[0.917647058824,0.917647058824,0.917647058824,1],"ix":4},"o":{"a":0,"k":100,"ix":5},"r":1,"bm":0,"nm":"Fill 1","mn":"ADBE Vector Graphic - Fill","hd":false},{"ty":"tr","p":{"a":0,"k":[0,0],"ix":2},"a":{"a":0,"k":[0,0],"ix":1},"s":{"a":0,"k":[100,100],"ix":3},"r":{"a":0,"k":0,"ix":6},"o":{"a":0,"k":100,"ix":7},"sk":{"a":0,"k":0,"ix":4},"sa":{"a":0,"k":0,"ix":5},"nm":"Transform"}],"nm":"Rectangle 1","np":3,"cix":2,"bm":0,"ix":1,"mn":"ADBE Vector Group","hd":false}],"ip":18,"op":118,"st":18,"bm":0},{"ddd":0,"ind":15,"ty":4,"nm":"Chef hat bg","sr":1,"ks":{"o":{"a":0,"k":100,"ix":11},"r":{"a":0,"k":0,"ix":10},"p":{"a":0,"k":[117.5,67,0],"ix":2,"l":2},"a":{"a":0,"k":[150.5,71,0],"ix":1,"l":2},"s":{"a":0,"k":[100,100,100],"ix":6,"l":2}},"ao":0,"shapes":[{"ind":0,"ty":"sh","ix":1,"ks":{"a":0,"k":{"i":[[0,-3.866],[3.866,0],[0,3.866],[-3.866,0]],"o":[[0,3.866],[-3.866,0],[0,-3.866],[3.866,0]],"v":[[148.5,67],[141.5,74],[134.5,67],[141.5,60]],"c":true},"ix":2},"nm":"Path 1","mn":"ADBE Vector Shape - Group","hd":false},{"ind":1,"ty":"sh","ix":2,"ks":{"a":0,"k":{"i":[[0,-3.866],[3.866,0],[0,3.866],[-3.866,0]],"o":[[0,3.866],[-3.866,0],[0,-3.866],[3.866,0]],"v":[[166.5,67],[159.5,74],[152.5,67],[159.5,60]],"c":true},"ix":2},"nm":"Path 2","mn":"ADBE Vector Shape - Group","hd":false},{"ind":2,"ty":"sh","ix":3,"ks":{"a":0,"k":{"i":[[0,-4.971],[4.971,0],[0,4.971],[-4.971,0]],"o":[[0,4.971],[-4.971,0],[0,-4.971],[4.971,0]],"v":[[159.5,64],[150.5,73],[141.5,64],[150.5,55]],"c":true},"ix":2},"nm":"Path 3","mn":"ADBE Vector Shape - Group","hd":false},{"ind":3,"ty":"sh","ix":4,"ks":{"a":0,"k":{"i":[[0.01,0],[1.262,1.235],[1.481,0],[1.231,0.634],[1.894,-0.008],[0,0],[-1.105,0],[0,0],[0,1.104],[0,0]],"o":[[-1.906,0],[-1.231,0.634],[-1.481,0],[-1.255,1.229],[0,0],[0,1.104],[0,0],[1.104,0],[0,0],[-0.01,0]],"v":[[159.5,74],[154.605,72],[150.5,73],[146.395,72],[141.53,73.999],[141.531,84.547],[143.531,86.547],[157.531,86.547],[159.531,84.547],[159.53,73.999]],"c":true},"ix":2},"nm":"Path 4","mn":"ADBE Vector Shape - Group","hd":false},{"ty":"fl","c":{"a":0,"k":[0.987999949736,0.987999949736,0.987999949736,1],"ix":4},"o":{"a":0,"k":100,"ix":5},"r":1,"bm":0,"nm":"Fill 1","mn":"ADBE Vector Graphic - Fill","hd":false}],"ip":18,"op":118,"st":18,"bm":0},{"ddd":0,"ind":16,"ty":3,"nm":"Egg 01 Null","sr":1,"ks":{"o":{"a":0,"k":0,"ix":11},"r":{"a":1,"k":[{"i":{"x":[0.667],"y":[1]},"o":{"x":[0.333],"y":[0]},"t":16,"s":[-40]},{"i":{"x":[0.667],"y":[1]},"o":{"x":[0.333],"y":[0]},"t":34,"s":[20]},{"t":42,"s":[0]}],"ix":10},"p":{"a":1,"k":[{"i":{"x":0.667,"y":1},"o":{"x":0.333,"y":0},"t":16,"s":[46,167,0],"to":[5,0,0],"ti":[-5,0,0]},{"t":31,"s":[76,167,0]}],"ix":2,"l":2},"a":{"a":0,"k":[50,100,0],"ix":1,"l":2},"s":{"a":0,"k":[54,54,100],"ix":6,"l":2}},"ao":0,"ip":16,"op":116,"st":16,"bm":0},{"ddd":0,"ind":17,"ty":4,"nm":"Egg 01 stroke","parent":16,"sr":1,"ks":{"o":{"a":0,"k":100,"ix":11},"r":{"a":0,"k":0,"ix":10},"p":{"a":0,"k":[50,50,0],"ix":2,"l":2},"a":{"a":0,"k":[160,100,0],"ix":1,"l":2},"s":{"a":0,"k":[185.185,185.185,100],"ix":6,"l":2}},"ao":0,"shapes":[{"ind":0,"ty":"sh","ix":1,"ks":{"a":0,"k":{"i":[[0,-14.78],[11.046,0],[0,11.046],[-11.046,0]],"o":[[0,11.046],[-11.046,0],[0,-14.815],[11.046,0]],"v":[[180,105],[160,125],[140,105],[160,75]],"c":true},"ix":2},"nm":"Path 1","mn":"ADBE Vector Shape - Group","hd":false},{"ty":"st","c":{"a":0,"k":[0.125,0.113999998803,0.113999998803,1],"ix":3},"o":{"a":0,"k":100,"ix":4},"w":{"a":0,"k":4,"ix":5},"lc":2,"lj":1,"ml":10,"bm":0,"nm":"Stroke 1","mn":"ADBE Vector Graphic - Stroke","hd":false},{"ty":"tm","s":{"a":0,"k":0,"ix":1},"e":{"a":1,"k":[{"i":{"x":[0.185],"y":[1]},"o":{"x":[0.333],"y":[0]},"t":16,"s":[0]},{"t":32,"s":[100]}],"ix":2},"o":{"a":0,"k":0,"ix":3},"m":1,"ix":3,"nm":"Trim Paths 1","mn":"ADBE Vector Filter - Trim","hd":false}],"ip":16,"op":116,"st":16,"bm":0},{"ddd":0,"ind":18,"ty":4,"nm":"Egg 01 light","parent":16,"sr":1,"ks":{"o":{"a":1,"k":[{"i":{"x":[0.833],"y":[0.833]},"o":{"x":[0.167],"y":[0.167]},"t":18,"s":[0]},{"t":22,"s":[100]}],"ix":11},"r":{"a":0,"k":0,"ix":10},"p":{"a":0,"k":[50,50,0],"ix":2,"l":2},"a":{"a":0,"k":[160,100,0],"ix":1,"l":2},"s":{"a":0,"k":[185.185,185.185,100],"ix":6,"l":2}},"ao":0,"shapes":[{"ty":"gr","it":[{"ind":0,"ty":"sh","ix":1,"ks":{"a":0,"k":{"i":[[1.104,-1.913],[3.348,1.933],[-1.104,1.914],[-3.348,-1.933]],"o":[[-1.104,1.914],[-3.348,-1.933],[1.105,-1.913],[3.347,1.933]],"v":[[6.062,3.5],[-2.001,3.464],[-6.062,-3.5],[2,-3.464]],"c":true},"ix":2},"nm":"Path 1","mn":"ADBE Vector Shape - Group","hd":false},{"ty":"fl","c":{"a":0,"k":[1,1,1,1],"ix":4},"o":{"a":0,"k":100,"ix":5},"r":1,"bm":0,"nm":"Fill 1","mn":"ADBE Vector Graphic - Fill","hd":false},{"ty":"tr","p":{"a":0,"k":[163,87.868],"ix":2},"a":{"a":0,"k":[0,0],"ix":1},"s":{"a":0,"k":[100,100],"ix":3},"r":{"a":0,"k":0,"ix":6},"o":{"a":0,"k":100,"ix":7},"sk":{"a":0,"k":0,"ix":4},"sa":{"a":0,"k":0,"ix":5},"nm":"Transform"}],"nm":"Group 1","np":4,"cix":2,"bm":0,"ix":1,"mn":"ADBE Vector Group","hd":false}],"ip":18,"op":118,"st":18,"bm":0},{"ddd":0,"ind":19,"ty":4,"nm":"Egg 01 shadow mask","parent":16,"td":1,"sr":1,"ks":{"o":{"a":0,"k":100,"ix":11},"r":{"a":0,"k":0,"ix":10},"p":{"a":0,"k":[50,50,0],"ix":2,"l":2},"a":{"a":0,"k":[160,100,0],"ix":1,"l":2},"s":{"a":0,"k":[185.185,185.185,100],"ix":6,"l":2}},"ao":0,"shapes":[{"ind":0,"ty":"sh","ix":1,"ks":{"a":0,"k":{"i":[[0,9.315],[-8.625,3.685],[1.726,0],[0,-14.815],[-11.045,0],[-1.601,0.412]],"o":[[0,-12.499],[-1.598,-0.683],[-11.045,0],[0,11.046],[1.729,0],[-8.622,-2.224]],"v":[[150,105],[164.998,76.055],[160,75],[140,105],[160,125],[165,124.345]],"c":true},"ix":2},"nm":"Path 1","mn":"ADBE Vector Shape - Group","hd":false},{"ty":"fl","c":{"a":0,"k":[0.948999980852,0.808000033509,0.635000011968,1],"ix":4},"o":{"a":0,"k":100,"ix":5},"r":1,"bm":0,"nm":"Fill 1","mn":"ADBE Vector Graphic - Fill","hd":false}],"ip":18,"op":118,"st":18,"bm":0},{"ddd":0,"ind":20,"ty":4,"nm":"Egg 01 shadow","parent":16,"tt":1,"sr":1,"ks":{"o":{"a":0,"k":100,"ix":11},"r":{"a":0,"k":0,"ix":10},"p":{"a":1,"k":[{"i":{"x":0.667,"y":1},"o":{"x":0.333,"y":0},"t":18,"s":[50,142.593,0],"to":[0,-15.432,0],"ti":[0,15.432,0]},{"t":24,"s":[50,50,0]}],"ix":2,"l":2},"a":{"a":0,"k":[0,0,0],"ix":1,"l":2},"s":{"a":0,"k":[185.185,185.185,100],"ix":6,"l":2}},"ao":0,"shapes":[{"ty":"gr","it":[{"ty":"rc","d":1,"s":{"a":0,"k":[40,50],"ix":2},"p":{"a":0,"k":[0,0],"ix":3},"r":{"a":0,"k":0,"ix":4},"nm":"Rectangle Path 1","mn":"ADBE Vector Shape - Rect","hd":false},{"ty":"fl","c":{"a":0,"k":[0.949019607843,0.807843137255,0.635294117647,1],"ix":4},"o":{"a":0,"k":100,"ix":5},"r":1,"bm":0,"nm":"Fill 1","mn":"ADBE Vector Graphic - Fill","hd":false},{"ty":"tr","p":{"a":0,"k":[0,0],"ix":2},"a":{"a":0,"k":[0,0],"ix":1},"s":{"a":0,"k":[100,100],"ix":3},"r":{"a":0,"k":0,"ix":6},"o":{"a":0,"k":100,"ix":7},"sk":{"a":0,"k":0,"ix":4},"sa":{"a":0,"k":0,"ix":5},"nm":"Transform"}],"nm":"Rectangle 1","np":3,"cix":2,"bm":0,"ix":1,"mn":"ADBE Vector Group","hd":false}],"ip":18,"op":118,"st":18,"bm":0},{"ddd":0,"ind":21,"ty":4,"nm":"Egg 01 bg mask","parent":16,"td":1,"sr":1,"ks":{"o":{"a":0,"k":100,"ix":11},"r":{"a":0,"k":0,"ix":10},"p":{"a":0,"k":[50,50,0],"ix":2,"l":2},"a":{"a":0,"k":[160,100,0],"ix":1,"l":2},"s":{"a":0,"k":[185.185,185.185,100],"ix":6,"l":2}},"ao":0,"shapes":[{"ind":0,"ty":"sh","ix":1,"ks":{"a":0,"k":{"i":[[0,-14.78],[11.046,0],[0,11.046],[-11.046,0]],"o":[[0,11.046],[-11.046,0],[0,-14.815],[11.046,0]],"v":[[180,105],[160,125],[140,105],[160,75]],"c":true},"ix":2},"nm":"Path 1","mn":"ADBE Vector Shape - Group","hd":false},{"ty":"fl","c":{"a":0,"k":[0.972999961703,0.882000014361,0.760999971278,1],"ix":4},"o":{"a":0,"k":100,"ix":5},"r":1,"bm":0,"nm":"Fill 1","mn":"ADBE Vector Graphic - Fill","hd":false}],"ip":16,"op":116,"st":16,"bm":0},{"ddd":0,"ind":22,"ty":4,"nm":"Egg 01 bg","parent":16,"tt":1,"sr":1,"ks":{"o":{"a":0,"k":100,"ix":11},"r":{"a":0,"k":0,"ix":10},"p":{"a":1,"k":[{"i":{"x":0.667,"y":1},"o":{"x":0.333,"y":0},"t":16,"s":[50,142.593,0],"to":[0,-15.432,0],"ti":[0,15.432,0]},{"t":22,"s":[50,50,0]}],"ix":2,"l":2},"a":{"a":0,"k":[0,0,0],"ix":1,"l":2},"s":{"a":0,"k":[185.185,185.185,100],"ix":6,"l":2}},"ao":0,"shapes":[{"ty":"gr","it":[{"ty":"rc","d":1,"s":{"a":0,"k":[40,50],"ix":2},"p":{"a":0,"k":[0,0],"ix":3},"r":{"a":0,"k":0,"ix":4},"nm":"Rectangle Path 1","mn":"ADBE Vector Shape - Rect","hd":false},{"ty":"fl","c":{"a":0,"k":[0.972999961703,0.882000014361,0.760999971278,1],"ix":4},"o":{"a":0,"k":100,"ix":5},"r":1,"bm":0,"nm":"Fill 1","mn":"ADBE Vector Graphic - Fill","hd":false},{"ty":"tr","p":{"a":0,"k":[0,0],"ix":2},"a":{"a":0,"k":[0,0],"ix":1},"s":{"a":0,"k":[100,100],"ix":3},"r":{"a":0,"k":0,"ix":6},"o":{"a":0,"k":100,"ix":7},"sk":{"a":0,"k":0,"ix":4},"sa":{"a":0,"k":0,"ix":5},"nm":"Transform"}],"nm":"Rectangle 1","np":3,"cix":2,"bm":0,"ix":1,"mn":"ADBE Vector Group","hd":false}],"ip":16,"op":116,"st":16,"bm":0},{"ddd":0,"ind":23,"ty":4,"nm":"Egg","sr":1,"ks":{"o":{"a":0,"k":100,"ix":11},"r":{"a":1,"k":[{"i":{"x":[0.241],"y":[1]},"o":{"x":[0.333],"y":[0]},"t":41,"s":[0]},{"t":52,"s":[-30]}],"ix":10},"p":{"a":1,"k":[{"i":{"x":0.833,"y":0.833},"o":{"x":0.167,"y":0.167},"t":44,"s":[56,165,0],"to":[0,1.217,0],"ti":[0,-1.217,0]},{"t":52,"s":[56,172.3,0]}],"ix":2,"l":2},"a":{"a":0,"k":[140,125,0],"ix":1,"l":2},"s":{"a":0,"k":[100,100,100],"ix":6,"l":2}},"ao":0,"shapes":[{"ty":"gr","it":[{"ind":0,"ty":"sh","ix":1,"ks":{"a":0,"k":{"i":[[1.104,-1.913],[3.348,1.933],[-1.104,1.914],[-3.348,-1.933]],"o":[[-1.104,1.914],[-3.348,-1.933],[1.105,-1.913],[3.347,1.933]],"v":[[6.062,3.5],[-2.001,3.464],[-6.062,-3.5],[2,-3.464]],"c":true},"ix":2},"nm":"Path 1","mn":"ADBE Vector Shape - Group","hd":false},{"ty":"fl","c":{"a":0,"k":[1,1,1,1],"ix":4},"o":{"a":0,"k":100,"ix":5},"r":1,"bm":0,"nm":"Fill 1","mn":"ADBE Vector Graphic - Fill","hd":false},{"ty":"tr","p":{"a":0,"k":[163,87.868],"ix":2},"a":{"a":0,"k":[0,0],"ix":1},"s":{"a":0,"k":[100,100],"ix":3},"r":{"a":0,"k":0,"ix":6},"o":{"a":0,"k":100,"ix":7},"sk":{"a":0,"k":0,"ix":4},"sa":{"a":0,"k":0,"ix":5},"nm":"Transform"}],"nm":"Light","np":2,"cix":2,"bm":0,"ix":1,"mn":"ADBE Vector Group","hd":false},{"ty":"gr","it":[{"ind":0,"ty":"sh","ix":1,"ks":{"a":0,"k":{"i":[[0,-14.78],[11.046,0],[0,11.046],[-11.046,0]],"o":[[0,11.046],[-11.046,0],[0,-14.815],[11.046,0]],"v":[[20,5],[0,25],[-20,5],[0,-25]],"c":true},"ix":2},"nm":"Path 1","mn":"ADBE Vector Shape - Group","hd":false},{"ty":"st","c":{"a":0,"k":[0.125,0.113999998803,0.113999998803,1],"ix":3},"o":{"a":0,"k":100,"ix":4},"w":{"a":0,"k":4,"ix":5},"lc":1,"lj":1,"ml":10,"bm":0,"nm":"Stroke 1","mn":"ADBE Vector Graphic - Stroke","hd":false},{"ty":"tr","p":{"a":0,"k":[160,100],"ix":2},"a":{"a":0,"k":[0,0],"ix":1},"s":{"a":0,"k":[100,100],"ix":3},"r":{"a":0,"k":0,"ix":6},"o":{"a":0,"k":100,"ix":7},"sk":{"a":0,"k":0,"ix":4},"sa":{"a":0,"k":0,"ix":5},"nm":"Transform"}],"nm":"Stroke","np":2,"cix":2,"bm":0,"ix":2,"mn":"ADBE Vector Group","hd":false},{"ty":"gr","it":[{"ind":0,"ty":"sh","ix":1,"ks":{"a":0,"k":{"i":[[0,9.315],[-8.625,3.685],[1.726,0],[0,-14.815],[-11.045,0],[-1.601,0.412]],"o":[[0,-12.499],[-1.598,-0.683],[-11.045,0],[0,11.046],[1.729,0],[-8.622,-2.224]],"v":[[-2.5,5],[12.498,-23.945],[7.5,-25],[-12.5,5],[7.5,25],[12.5,24.345]],"c":true},"ix":2},"nm":"Path 1","mn":"ADBE Vector Shape - Group","hd":false},{"ty":"fl","c":{"a":0,"k":[0.948999980852,0.808000033509,0.635000011968,1],"ix":4},"o":{"a":0,"k":100,"ix":5},"r":1,"bm":0,"nm":"Fill 1","mn":"ADBE Vector Graphic - Fill","hd":false},{"ty":"tr","p":{"a":0,"k":[152.5,100],"ix":2},"a":{"a":0,"k":[0,0],"ix":1},"s":{"a":0,"k":[100,100],"ix":3},"r":{"a":0,"k":0,"ix":6},"o":{"a":0,"k":100,"ix":7},"sk":{"a":0,"k":0,"ix":4},"sa":{"a":0,"k":0,"ix":5},"nm":"Transform"}],"nm":"Shadow","np":2,"cix":2,"bm":0,"ix":3,"mn":"ADBE Vector Group","hd":false},{"ty":"gr","it":[{"ind":0,"ty":"sh","ix":1,"ks":{"a":0,"k":{"i":[[0,-14.78],[11.046,0],[0,11.046],[-11.046,0]],"o":[[0,11.046],[-11.046,0],[0,-14.815],[11.046,0]],"v":[[20,5],[0,25],[-20,5],[0,-25]],"c":true},"ix":2},"nm":"Path 1","mn":"ADBE Vector Shape - Group","hd":false},{"ty":"fl","c":{"a":0,"k":[0.972999961703,0.882000014361,0.760999971278,1],"ix":4},"o":{"a":0,"k":100,"ix":5},"r":1,"bm":0,"nm":"Fill 1","mn":"ADBE Vector Graphic - Fill","hd":false},{"ty":"tr","p":{"a":0,"k":[160,100],"ix":2},"a":{"a":0,"k":[0,0],"ix":1},"s":{"a":0,"k":[100,100],"ix":3},"r":{"a":0,"k":0,"ix":6},"o":{"a":0,"k":100,"ix":7},"sk":{"a":0,"k":0,"ix":4},"sa":{"a":0,"k":0,"ix":5},"nm":"Transform"}],"nm":"Bg","np":2,"cix":2,"bm":0,"ix":4,"mn":"ADBE Vector Group","hd":false}],"ip":41,"op":141,"st":41,"bm":0},{"ddd":0,"ind":24,"ty":4,"nm":"Milk mask","td":1,"sr":1,"ks":{"o":{"a":0,"k":100,"ix":11},"r":{"a":0,"k":0,"ix":10},"p":{"a":0,"k":[0,100,0],"ix":2,"l":2},"a":{"a":0,"k":[-160,0,0],"ix":1,"l":2},"s":{"a":0,"k":[21.25,100,100],"ix":6,"l":2}},"ao":0,"shapes":[{"ty":"gr","it":[{"ty":"rc","d":1,"s":{"a":0,"k":[320,200],"ix":2},"p":{"a":0,"k":[0,0],"ix":3},"r":{"a":0,"k":0,"ix":4},"nm":"Rectangle Path 1","mn":"ADBE Vector Shape - Rect","hd":false},{"ty":"fl","c":{"a":0,"k":[0.949019607843,0.807843137255,0.635294117647,1],"ix":4},"o":{"a":0,"k":100,"ix":5},"r":1,"bm":0,"nm":"Fill 1","mn":"ADBE Vector Graphic - Fill","hd":false},{"ty":"tr","p":{"a":0,"k":[0,0],"ix":2},"a":{"a":0,"k":[0,0],"ix":1},"s":{"a":0,"k":[100,100],"ix":3},"r":{"a":0,"k":0,"ix":6},"o":{"a":0,"k":100,"ix":7},"sk":{"a":0,"k":0,"ix":4},"sa":{"a":0,"k":0,"ix":5},"nm":"Transform"}],"nm":"Rectangle 1","np":3,"cix":2,"bm":0,"ix":1,"mn":"ADBE Vector Group","hd":false}],"ip":46,"op":146,"st":46,"bm":0},{"ddd":0,"ind":25,"ty":4,"nm":"Milk","tt":1,"sr":1,"ks":{"o":{"a":0,"k":100,"ix":11},"r":{"a":1,"k":[{"i":{"x":[0.667],"y":[1]},"o":{"x":[0.333],"y":[0]},"t":49,"s":[0]},{"i":{"x":[0.667],"y":[1]},"o":{"x":[0.333],"y":[0]},"t":59,"s":[-14]},{"t":69,"s":[0]}],"ix":10},"p":{"a":1,"k":[{"i":{"x":0.085,"y":1},"o":{"x":0.333,"y":0},"t":46,"s":[75,156,0],"to":[-6.667,0,0],"ti":[6.667,0,0]},{"t":56,"s":[35,156,0]}],"ix":2,"l":2},"a":{"a":0,"k":[136,156,0],"ix":1,"l":2},"s":{"a":0,"k":[100,100,100],"ix":6,"l":2}},"ao":0,"shapes":[{"ty":"gr","it":[{"ind":0,"ty":"sh","ix":1,"ks":{"a":0,"k":{"i":[[0.553,0],[0,0],[0,0.552],[0,0],[-2.209,0],[0,0],[0,-2.209],[0,0]],"o":[[0,0],[-0.552,0],[0,0],[0,-2.209],[0,0],[2.209,0],[0,0],[0,0.552]],"v":[[14,4],[-14,4],[-15,3],[-15,0],[-11,-4],[11,-4],[15,0],[15,3]],"c":true},"ix":2},"nm":"Path 1","mn":"ADBE Vector Shape - Group","hd":false},{"ty":"st","c":{"a":0,"k":[0.125,0.113999998803,0.113999998803,1],"ix":3},"o":{"a":0,"k":100,"ix":4},"w":{"a":0,"k":4,"ix":5},"lc":1,"lj":1,"ml":10,"bm":0,"nm":"Stroke 1","mn":"ADBE Vector Graphic - Stroke","hd":false},{"ty":"tr","p":{"a":0,"k":[160,48],"ix":2},"a":{"a":0,"k":[0,0],"ix":1},"s":{"a":0,"k":[100,100],"ix":3},"r":{"a":0,"k":0,"ix":6},"o":{"a":0,"k":100,"ix":7},"sk":{"a":0,"k":0,"ix":4},"sa":{"a":0,"k":0,"ix":5},"nm":"Transform"}],"nm":"Bouchon stroke","np":2,"cix":2,"bm":0,"ix":1,"mn":"ADBE Vector Group","hd":false},{"ty":"gr","it":[{"ind":0,"ty":"sh","ix":1,"ks":{"a":0,"k":{"i":[[0,0.552],[0,0],[-2.209,0],[0,0],[0,-2.209],[0,0],[-0.552,0],[0,0]],"o":[[0,0],[0,-2.209],[0,0],[-2.209,0],[0,0],[0,0.552],[0,0],[-0.552,0]],"v":[[3,3],[3,0],[7,-4],[-3,-4],[-7,0],[-7,3],[-6,4],[4,4]],"c":true},"ix":2},"nm":"Path 1","mn":"ADBE Vector Shape - Group","hd":false},{"ty":"fl","c":{"a":0,"k":[0.917999985639,0.917999985639,0.917999985639,1],"ix":4},"o":{"a":0,"k":100,"ix":5},"r":1,"bm":0,"nm":"Fill 1","mn":"ADBE Vector Graphic - Fill","hd":false},{"ty":"tr","p":{"a":0,"k":[152,48],"ix":2},"a":{"a":0,"k":[0,0],"ix":1},"s":{"a":0,"k":[100,100],"ix":3},"r":{"a":0,"k":0,"ix":6},"o":{"a":0,"k":100,"ix":7},"sk":{"a":0,"k":0,"ix":4},"sa":{"a":0,"k":0,"ix":5},"nm":"Transform"}],"nm":"Bouchon shadow","np":2,"cix":2,"bm":0,"ix":2,"mn":"ADBE Vector Group","hd":false},{"ty":"gr","it":[{"ind":0,"ty":"sh","ix":1,"ks":{"a":0,"k":{"i":[[0.553,0],[0,0],[0,0.552],[0,0],[-2.209,0],[0,0],[0,-2.209],[0,0]],"o":[[0,0],[-0.552,0],[0,0],[0,-2.209],[0,0],[2.209,0],[0,0],[0,0.552]],"v":[[14,4],[-14,4],[-15,3],[-15,0],[-11,-4],[11,-4],[15,0],[15,3]],"c":true},"ix":2},"nm":"Path 1","mn":"ADBE Vector Shape - Group","hd":false},{"ty":"fl","c":{"a":0,"k":[0.987999949736,0.987999949736,0.987999949736,1],"ix":4},"o":{"a":0,"k":100,"ix":5},"r":1,"bm":0,"nm":"Fill 1","mn":"ADBE Vector Graphic - Fill","hd":false},{"ty":"tr","p":{"a":0,"k":[160,48],"ix":2},"a":{"a":0,"k":[0,0],"ix":1},"s":{"a":0,"k":[100,100],"ix":3},"r":{"a":0,"k":0,"ix":6},"o":{"a":0,"k":100,"ix":7},"sk":{"a":0,"k":0,"ix":4},"sa":{"a":0,"k":0,"ix":5},"nm":"Transform"}],"nm":"Bouchon bg","np":2,"cix":2,"bm":0,"ix":3,"mn":"ADBE Vector Group","hd":false},{"ty":"gr","it":[{"ind":0,"ty":"sh","ix":1,"ks":{"a":1,"k":[{"i":{"x":0.667,"y":1},"o":{"x":0.333,"y":0},"t":49,"s":[{"i":[[5.522,0],[0,0],[0,5.522],[0,0],[0,0],[0,0]],"o":[[0,0],[-5.523,0],[0,0],[0,0],[0,0],[0,5.522]],"v":[[14,32.154],[-14,32.154],[-24,22.154],[-24,-11.846],[24,-11.846],[24,22.154]],"c":true}]},{"i":{"x":0.667,"y":1},"o":{"x":0.333,"y":0},"t":59,"s":[{"i":[[5.522,0],[0,0],[0,5.522],[0,0],[0,0],[0,0]],"o":[[0,0],[-5.523,0],[0,0],[0,0],[0,0],[0,5.522]],"v":[[14,32.154],[-14,32.154],[-24,22.154],[-24,-24.846],[24,-6.096],[24,22.154]],"c":true}]},{"t":69,"s":[{"i":[[5.522,0],[0,0],[0,5.522],[0,0],[0,0],[0,0]],"o":[[0,0],[-5.523,0],[0,0],[0,0],[0,0],[0,5.522]],"v":[[14,32.154],[-14,32.154],[-24,22.154],[-24,-11.846],[24,-11.846],[24,22.154]],"c":true}]}],"ix":2},"nm":"Path 1","mn":"ADBE Vector Shape - Group","hd":false},{"ty":"st","c":{"a":0,"k":[0.1254902035,0.113725490868,0.113725490868,1],"ix":3},"o":{"a":0,"k":100,"ix":4},"w":{"a":0,"k":4,"ix":5},"lc":1,"lj":1,"ml":4,"bm":0,"nm":"Stroke 1","mn":"ADBE Vector Graphic - Stroke","hd":false},{"ty":"fl","c":{"a":0,"k":[1,1,1,1],"ix":4},"o":{"a":0,"k":100,"ix":5},"r":1,"bm":0,"nm":"Fill 1","mn":"ADBE Vector Graphic - Fill","hd":false},{"ty":"tr","p":{"a":0,"k":[160,123.846],"ix":2},"a":{"a":0,"k":[0,0],"ix":1},"s":{"a":0,"k":[100,100],"ix":3},"r":{"a":0,"k":0,"ix":6},"o":{"a":0,"k":100,"ix":7},"sk":{"a":0,"k":0,"ix":4},"sa":{"a":0,"k":0,"ix":5},"nm":"Transform"}],"nm":"Milk","np":3,"cix":2,"bm":0,"ix":4,"mn":"ADBE Vector Group","hd":false},{"ty":"gr","it":[{"ind":0,"ty":"sh","ix":1,"ks":{"a":0,"k":{"i":[[5.522,0],[0,0],[0,5.522],[0,0],[-1.865,3.108],[0,0],[0,5.438],[0,0],[-2.209,0],[0,0],[0,-2.209],[0,0],[-2.797,-4.662],[0,0],[0,-3.625],[0,0]],"o":[[0,0],[-5.523,0],[0,0],[0,-3.625],[0,0],[2.797,-4.662],[0,0],[0,-2.209],[0,0],[2.209,0],[0,0],[0,5.438],[0,0],[1.866,3.108],[0,0],[0,5.522]],"v":[[14,52],[-14,52],[-24,42],[-24,-6.46],[-21.15,-16.75],[-16.275,-24.875],[-12,-40.31],[-12,-48],[-8,-52],[8,-52],[12,-48],[12,-40.31],[16.275,-24.875],[21.149,-16.75],[24,-6.46],[24,42]],"c":true},"ix":2},"nm":"Path 1","mn":"ADBE Vector Shape - Group","hd":false},{"ty":"st","c":{"a":0,"k":[0.125,0.113999998803,0.113999998803,1],"ix":3},"o":{"a":0,"k":100,"ix":4},"w":{"a":0,"k":4,"ix":5},"lc":1,"lj":1,"ml":10,"bm":0,"nm":"Stroke 1","mn":"ADBE Vector Graphic - Stroke","hd":false},{"ty":"tr","p":{"a":0,"k":[160,104],"ix":2},"a":{"a":0,"k":[0,0],"ix":1},"s":{"a":0,"k":[100,100],"ix":3},"r":{"a":0,"k":0,"ix":6},"o":{"a":0,"k":100,"ix":7},"sk":{"a":0,"k":0,"ix":4},"sa":{"a":0,"k":0,"ix":5},"nm":"Transform"}],"nm":"Stroke","np":2,"cix":2,"bm":0,"ix":5,"mn":"ADBE Vector Group","hd":false},{"ty":"gr","it":[{"ind":0,"ty":"sh","ix":1,"ks":{"a":0,"k":{"i":[[0,5.522],[0,0],[-1.865,3.108],[0,0],[0,5.438],[0,0],[-2.209,0],[0,0],[0,-2.209],[0,0],[2.797,-4.662],[0,0],[0,-3.625],[0,0],[-5.523,0],[0,0]],"o":[[0,0],[0,-3.625],[0,0],[2.797,-4.662],[0,0],[0,-2.209],[0,0],[-2.209,0],[0,0],[0,5.438],[0,0],[-1.865,3.108],[0,0],[0,5.522],[0,0],[-5.523,0]],"v":[[-2,42],[-2,-6.46],[0.85,-16.75],[5.725,-24.875],[10,-40.31],[10,-48],[14,-52],[2,-52],[-2,-48],[-2,-40.31],[-6.275,-24.875],[-11.15,-16.75],[-14,-6.46],[-14,42],[-4,52],[8,52]],"c":true},"ix":2},"nm":"Path 1","mn":"ADBE Vector Shape - Group","hd":false},{"ty":"fl","c":{"a":0,"k":[1,1,1,1],"ix":4},"o":{"a":0,"k":100,"ix":5},"r":1,"bm":0,"nm":"Fill 1","mn":"ADBE Vector Graphic - Fill","hd":false},{"ty":"tr","p":{"a":0,"k":[150,104],"ix":2},"a":{"a":0,"k":[0,0],"ix":1},"s":{"a":0,"k":[100,100],"ix":3},"r":{"a":0,"k":0,"ix":6},"o":{"a":0,"k":30,"ix":7},"sk":{"a":0,"k":0,"ix":4},"sa":{"a":0,"k":0,"ix":5},"nm":"Transform"}],"nm":"Light","np":2,"cix":2,"bm":0,"ix":6,"mn":"ADBE Vector Group","hd":false},{"ty":"gr","it":[{"ind":0,"ty":"sh","ix":1,"ks":{"a":0,"k":{"i":[[5.522,0],[0,0],[0,5.522],[0,0],[-1.865,3.108],[0,0],[0,5.438],[0,0],[-2.209,0],[0,0],[0,-2.209],[0,0],[-2.797,-4.662],[0,0],[0,-3.625],[0,0]],"o":[[0,0],[-5.523,0],[0,0],[0,-3.625],[0,0],[2.797,-4.662],[0,0],[0,-2.209],[0,0],[2.209,0],[0,0],[0,5.438],[0,0],[1.866,3.108],[0,0],[0,5.522]],"v":[[14,52],[-14,52],[-24,42],[-24,-6.46],[-21.15,-16.75],[-16.275,-24.875],[-12,-40.31],[-12,-48],[-8,-52],[8,-52],[12,-48],[12,-40.31],[16.275,-24.875],[21.149,-16.75],[24,-6.46],[24,42]],"c":true},"ix":2},"nm":"Path 1","mn":"ADBE Vector Shape - Group","hd":false},{"ty":"fl","c":{"a":0,"k":[0.779999976065,0.922000002394,0.976000019148,1],"ix":4},"o":{"a":0,"k":100,"ix":5},"r":1,"bm":0,"nm":"Fill 1","mn":"ADBE Vector Graphic - Fill","hd":false},{"ty":"tr","p":{"a":0,"k":[160,104],"ix":2},"a":{"a":0,"k":[0,0],"ix":1},"s":{"a":0,"k":[100,100],"ix":3},"r":{"a":0,"k":0,"ix":6},"o":{"a":0,"k":100,"ix":7},"sk":{"a":0,"k":0,"ix":4},"sa":{"a":0,"k":0,"ix":5},"nm":"Transform"}],"nm":"Bg","np":2,"cix":2,"bm":0,"ix":7,"mn":"ADBE Vector Group","hd":false}],"ip":46,"op":146,"st":46,"bm":0},{"ddd":0,"ind":26,"ty":4,"nm":"Book lines","sr":1,"ks":{"o":{"a":0,"k":100,"ix":11},"r":{"a":0,"k":0,"ix":10},"p":{"a":0,"k":[160,100,0],"ix":2,"l":2},"a":{"a":0,"k":[160,100,0],"ix":1,"l":2},"s":{"a":0,"k":[100,100,100],"ix":6,"l":2}},"ao":0,"shapes":[{"ty":"gr","it":[{"ind":0,"ty":"sh","ix":1,"ks":{"a":1,"k":[{"i":{"x":0.285,"y":1},"o":{"x":0.333,"y":0},"t":20,"s":[{"i":[[0,0],[0,0],[0,0],[0,0]],"o":[[0,0],[0,0],[0,0],[0,0]],"v":[[-15,2],[-15,2],[-15,-2],[-15,-2]],"c":true}]},{"t":30,"s":[{"i":[[0,0],[0,0],[0,0],[0,0]],"o":[[0,0],[0,0],[0,0],[0,0]],"v":[[15,2],[-15,2],[-15,-2],[15,-2]],"c":true}]}],"ix":2},"nm":"Path 1","mn":"ADBE Vector Shape - Group","hd":false},{"ty":"fl","c":{"a":0,"k":[1,0.616000007181,0,1],"ix":4},"o":{"a":0,"k":100,"ix":5},"r":1,"bm":0,"nm":"Fill 1","mn":"ADBE Vector Graphic - Fill","hd":false},{"ty":"tr","p":{"a":0,"k":[197,106],"ix":2},"a":{"a":0,"k":[0,0],"ix":1},"s":{"a":0,"k":[100,100],"ix":3},"r":{"a":0,"k":0,"ix":6},"o":{"a":1,"k":[{"i":{"x":[0.833],"y":[0.833]},"o":{"x":[0.167],"y":[0.167]},"t":20,"s":[0]},{"t":22,"s":[100]}],"ix":7},"sk":{"a":0,"k":0,"ix":4},"sa":{"a":0,"k":0,"ix":5},"nm":"Transform"}],"nm":"Line 04","np":2,"cix":2,"bm":0,"ix":1,"mn":"ADBE Vector Group","hd":false},{"ty":"gr","it":[{"ind":0,"ty":"sh","ix":1,"ks":{"a":1,"k":[{"i":{"x":0.285,"y":1},"o":{"x":0.333,"y":0},"t":18,"s":[{"i":[[0,0],[0,0],[0,0],[0,0]],"o":[[0,0],[0,0],[0,0],[0,0]],"v":[[-22,2],[-23,2],[-23,-2],[-22,-2]],"c":true}]},{"t":28,"s":[{"i":[[0,0],[0,0],[0,0],[0,0]],"o":[[0,0],[0,0],[0,0],[0,0]],"v":[[23,2],[-23,2],[-23,-2],[23,-2]],"c":true}]}],"ix":2},"nm":"Path 1","mn":"ADBE Vector Shape - Group","hd":false},{"ty":"fl","c":{"a":0,"k":[1,0.616000007181,0,1],"ix":4},"o":{"a":0,"k":100,"ix":5},"r":1,"bm":0,"nm":"Fill 1","mn":"ADBE Vector Graphic - Fill","hd":false},{"ty":"tr","p":{"a":0,"k":[205,98],"ix":2},"a":{"a":0,"k":[0,0],"ix":1},"s":{"a":0,"k":[100,100],"ix":3},"r":{"a":0,"k":0,"ix":6},"o":{"a":1,"k":[{"i":{"x":[0.833],"y":[0.833]},"o":{"x":[0.167],"y":[0.167]},"t":18,"s":[0]},{"t":20,"s":[100]}],"ix":7},"sk":{"a":0,"k":0,"ix":4},"sa":{"a":0,"k":0,"ix":5},"nm":"Transform"}],"nm":"Line 03","np":2,"cix":2,"bm":0,"ix":2,"mn":"ADBE Vector Group","hd":false},{"ty":"gr","it":[{"ind":0,"ty":"sh","ix":1,"ks":{"a":1,"k":[{"i":{"x":0.285,"y":1},"o":{"x":0.333,"y":0},"t":16,"s":[{"i":[[0,0],[0,0],[0,0],[0,0]],"o":[[0,0],[0,0],[0,0],[0,0]],"v":[[-15,2],[-15,2],[-15,-2],[-15,-2]],"c":true}]},{"t":26,"s":[{"i":[[0,0],[0,0],[0,0],[0,0]],"o":[[0,0],[0,0],[0,0],[0,0]],"v":[[15,2],[-15,2],[-15,-2],[15,-2]],"c":true}]}],"ix":2},"nm":"Path 1","mn":"ADBE Vector Shape - Group","hd":false},{"ty":"fl","c":{"a":0,"k":[1,0.616000007181,0,1],"ix":4},"o":{"a":0,"k":100,"ix":5},"r":1,"bm":0,"nm":"Fill 1","mn":"ADBE Vector Graphic - Fill","hd":false},{"ty":"tr","p":{"a":0,"k":[107,106],"ix":2},"a":{"a":0,"k":[0,0],"ix":1},"s":{"a":0,"k":[100,100],"ix":3},"r":{"a":0,"k":0,"ix":6},"o":{"a":1,"k":[{"i":{"x":[0.833],"y":[0.833]},"o":{"x":[0.167],"y":[0.167]},"t":16,"s":[0]},{"t":18,"s":[100]}],"ix":7},"sk":{"a":0,"k":0,"ix":4},"sa":{"a":0,"k":0,"ix":5},"nm":"Transform"}],"nm":"Line 02","np":2,"cix":2,"bm":0,"ix":3,"mn":"ADBE Vector Group","hd":false},{"ty":"gr","it":[{"ind":0,"ty":"sh","ix":1,"ks":{"a":1,"k":[{"i":{"x":0.285,"y":1},"o":{"x":0.333,"y":0},"t":14,"s":[{"i":[[0,0],[0,0],[0,0],[0,0]],"o":[[0,0],[0,0],[0,0],[0,0]],"v":[[-22,2],[-23,2],[-23,-2],[-22,-2]],"c":true}]},{"t":24,"s":[{"i":[[0,0],[0,0],[0,0],[0,0]],"o":[[0,0],[0,0],[0,0],[0,0]],"v":[[23,2],[-23,2],[-23,-2],[23,-2]],"c":true}]}],"ix":2},"nm":"Path 1","mn":"ADBE Vector Shape - Group","hd":false},{"ty":"fl","c":{"a":0,"k":[1,0.616000007181,0,1],"ix":4},"o":{"a":0,"k":100,"ix":5},"r":1,"bm":0,"nm":"Fill 1","mn":"ADBE Vector Graphic - Fill","hd":false},{"ty":"tr","p":{"a":0,"k":[115,98],"ix":2},"a":{"a":0,"k":[0,0],"ix":1},"s":{"a":0,"k":[100,100],"ix":3},"r":{"a":0,"k":0,"ix":6},"o":{"a":1,"k":[{"i":{"x":[0.833],"y":[0.833]},"o":{"x":[0.167],"y":[0.167]},"t":14,"s":[0]},{"t":16,"s":[100]}],"ix":7},"sk":{"a":0,"k":0,"ix":4},"sa":{"a":0,"k":0,"ix":5},"nm":"Transform"}],"nm":"Line 01","np":2,"cix":2,"bm":0,"ix":4,"mn":"ADBE Vector Group","hd":false}],"ip":14,"op":114,"st":14,"bm":0},{"ddd":0,"ind":27,"ty":4,"nm":"Book 02 mask","td":1,"sr":1,"ks":{"o":{"a":0,"k":100,"ix":11},"r":{"a":0,"k":0,"ix":10},"p":{"a":0,"k":[160,174,0],"ix":2,"l":2},"a":{"a":0,"k":[0,100,0],"ix":1,"l":2},"s":{"a":0,"k":[100,87,100],"ix":6,"l":2}},"ao":0,"shapes":[{"ty":"gr","it":[{"ty":"rc","d":1,"s":{"a":0,"k":[300,200],"ix":2},"p":{"a":0,"k":[0,0],"ix":3},"r":{"a":0,"k":0,"ix":4},"nm":"Rectangle Path 1","mn":"ADBE Vector Shape - Rect","hd":false},{"ty":"st","c":{"a":0,"k":[1,0.768626972273,0,1],"ix":3},"o":{"a":0,"k":100,"ix":4},"w":{"a":0,"k":0,"ix":5},"lc":1,"lj":1,"ml":4,"bm":0,"nm":"Stroke 1","mn":"ADBE Vector Graphic - Stroke","hd":false},{"ty":"fl","c":{"a":0,"k":[1,0,0,1],"ix":4},"o":{"a":0,"k":100,"ix":5},"r":1,"bm":0,"nm":"Fill 1","mn":"ADBE Vector Graphic - Fill","hd":false},{"ty":"tr","p":{"a":0,"k":[0,0],"ix":2},"a":{"a":0,"k":[0,0],"ix":1},"s":{"a":0,"k":[100,100],"ix":3},"r":{"a":0,"k":0,"ix":6},"o":{"a":0,"k":100,"ix":7},"sk":{"a":0,"k":0,"ix":4},"sa":{"a":0,"k":0,"ix":5},"nm":"Transform"}],"nm":"Rectangle 1","np":3,"cix":2,"bm":0,"ix":1,"mn":"ADBE Vector Group","hd":false}],"ip":0,"op":100,"st":0,"bm":0},{"ddd":0,"ind":28,"ty":4,"nm":"Book 02","tt":1,"sr":1,"ks":{"o":{"a":0,"k":100,"ix":11},"r":{"a":0,"k":0,"ix":10},"p":{"a":1,"k":[{"i":{"x":0.311,"y":0.81},"o":{"x":0.47,"y":0},"t":0,"s":[160,270,0],"to":[0,-23.597,0],"ti":[0,43.308,0]},{"i":{"x":0.559,"y":1},"o":{"x":0.239,"y":0.646},"t":12,"s":[160,80,0],"to":[0,-8.692,0],"ti":[0,4.736,0]},{"t":24,"s":[160,95,0]}],"ix":2,"l":2},"a":{"a":0,"k":[160,100,0],"ix":1,"l":2},"s":{"a":0,"k":[100,100,100],"ix":6,"l":2}},"ao":0,"shapes":[{"ty":"gr","it":[{"ind":0,"ty":"sh","ix":1,"ks":{"a":0,"k":{"i":[[0,0],[0,0]],"o":[[0,0],[0,0]],"v":[[160,40],[160,160]],"c":false},"ix":2},"nm":"Path 1","mn":"ADBE Vector Shape - Group","hd":false},{"ty":"st","c":{"a":0,"k":[0.1254902035,0.113725490868,0.113725490868,1],"ix":3},"o":{"a":0,"k":100,"ix":4},"w":{"a":0,"k":4,"ix":5},"lc":1,"lj":1,"ml":4,"bm":0,"nm":"Stroke 1","mn":"ADBE Vector Graphic - Stroke","hd":false},{"ty":"tr","p":{"a":0,"k":[0,0],"ix":2},"a":{"a":0,"k":[0,0],"ix":1},"s":{"a":0,"k":[100,100],"ix":3},"r":{"a":0,"k":0,"ix":6},"o":{"a":0,"k":100,"ix":7},"sk":{"a":0,"k":0,"ix":4},"sa":{"a":0,"k":0,"ix":5},"nm":"Transform"}],"nm":"Group 2","np":2,"cix":2,"bm":0,"ix":1,"mn":"ADBE Vector Group","hd":false},{"ty":"gr","it":[{"ind":0,"ty":"sh","ix":1,"ks":{"a":1,"k":[{"i":{"x":1,"y":1},"o":{"x":0.875,"y":0},"t":4,"s":[{"i":[[0,0],[0,0],[0,0],[0,0],[0,0],[0,0]],"o":[[0,0],[0,0],[0,0],[0,0],[0,0],[0,0]],"v":[[160,160],[160,160],[160,160],[160,40],[160,40],[160,40]],"c":true}]},{"i":{"x":0.667,"y":1},"o":{"x":0,"y":0},"t":12,"s":[{"i":[[0,0],[0,0],[0,0],[0,0],[0,0],[0,0]],"o":[[0,0],[0,0],[0,0],[0,0],[0,0],[0,0]],"v":[[210,152.5],[160,160],[110,152.5],[110,32.5],[160,40],[210,32.5]],"c":true}]},{"t":20,"s":[{"i":[[0,0],[0,0],[0,0],[0,0],[0,0],[0,0]],"o":[[0,0],[0,0],[0,0],[0,0],[0,0],[0,0]],"v":[[240,160],[160,160],[80,160],[80,40],[160,40],[240,40]],"c":true}]}],"ix":2},"nm":"Path 1","mn":"ADBE Vector Shape - Group","hd":false},{"ty":"st","c":{"a":0,"k":[0.125,0.11400000006,0.11400000006,1],"ix":3},"o":{"a":0,"k":100,"ix":4},"w":{"a":0,"k":4,"ix":5},"lc":1,"lj":1,"ml":10,"bm":0,"nm":"Stroke 1","mn":"ADBE Vector Graphic - Stroke","hd":false},{"ty":"fl","c":{"a":0,"k":[1,1,1,1],"ix":4},"o":{"a":0,"k":100,"ix":5},"r":1,"bm":0,"nm":"Fill 1","mn":"ADBE Vector Graphic - Fill","hd":false},{"ty":"tr","p":{"a":0,"k":[0,0],"ix":2},"a":{"a":0,"k":[0,0],"ix":1},"s":{"a":0,"k":[100,100],"ix":3},"r":{"a":0,"k":0,"ix":6},"o":{"a":0,"k":100,"ix":7},"sk":{"a":0,"k":0,"ix":4},"sa":{"a":0,"k":0,"ix":5},"nm":"Transform"}],"nm":"Group 1","np":3,"cix":2,"bm":0,"ix":2,"mn":"ADBE Vector Group","hd":false}],"ip":0,"op":100,"st":0,"bm":0},{"ddd":0,"ind":29,"ty":4,"nm":"Book 01 mask","td":1,"sr":1,"ks":{"o":{"a":0,"k":100,"ix":11},"r":{"a":0,"k":0,"ix":10},"p":{"a":0,"k":[160,174,0],"ix":2,"l":2},"a":{"a":0,"k":[0,100,0],"ix":1,"l":2},"s":{"a":0,"k":[100,87,100],"ix":6,"l":2}},"ao":0,"shapes":[{"ty":"gr","it":[{"ty":"rc","d":1,"s":{"a":0,"k":[300,200],"ix":2},"p":{"a":0,"k":[0,0],"ix":3},"r":{"a":0,"k":0,"ix":4},"nm":"Rectangle Path 1","mn":"ADBE Vector Shape - Rect","hd":false},{"ty":"st","c":{"a":0,"k":[1,0.768626972273,0,1],"ix":3},"o":{"a":0,"k":100,"ix":4},"w":{"a":0,"k":0,"ix":5},"lc":1,"lj":1,"ml":4,"bm":0,"nm":"Stroke 1","mn":"ADBE Vector Graphic - Stroke","hd":false},{"ty":"fl","c":{"a":0,"k":[1,0,0,1],"ix":4},"o":{"a":0,"k":100,"ix":5},"r":1,"bm":0,"nm":"Fill 1","mn":"ADBE Vector Graphic - Fill","hd":false},{"ty":"tr","p":{"a":0,"k":[0,0],"ix":2},"a":{"a":0,"k":[0,0],"ix":1},"s":{"a":0,"k":[100,100],"ix":3},"r":{"a":0,"k":0,"ix":6},"o":{"a":0,"k":100,"ix":7},"sk":{"a":0,"k":0,"ix":4},"sa":{"a":0,"k":0,"ix":5},"nm":"Transform"}],"nm":"Rectangle 1","np":3,"cix":2,"bm":0,"ix":1,"mn":"ADBE Vector Group","hd":false}],"ip":0,"op":100,"st":0,"bm":0},{"ddd":0,"ind":30,"ty":4,"nm":"Book 01","tt":1,"sr":1,"ks":{"o":{"a":0,"k":100,"ix":11},"r":{"a":0,"k":0,"ix":10},"p":{"a":1,"k":[{"i":{"x":0.311,"y":0.81},"o":{"x":0.47,"y":0},"t":0,"s":[160,270,0],"to":[0,-23.597,0],"ti":[0,43.308,0]},{"i":{"x":0.559,"y":1},"o":{"x":0.239,"y":0.646},"t":12,"s":[160,80,0],"to":[0,-8.692,0],"ti":[0,4.736,0]},{"t":24,"s":[160,95,0]}],"ix":2,"l":2},"a":{"a":0,"k":[160,100,0],"ix":1,"l":2},"s":{"a":0,"k":[100,100,100],"ix":6,"l":2}},"ao":0,"shapes":[{"ty":"gr","it":[{"ind":0,"ty":"sh","ix":1,"ks":{"a":0,"k":{"i":[[0,0],[0,0]],"o":[[0,0],[0,0]],"v":[[160,40],[160,160]],"c":false},"ix":2},"nm":"Path 1","mn":"ADBE Vector Shape - Group","hd":false},{"ty":"st","c":{"a":0,"k":[0.1254902035,0.113725490868,0.113725490868,1],"ix":3},"o":{"a":0,"k":100,"ix":4},"w":{"a":0,"k":4,"ix":5},"lc":1,"lj":1,"ml":4,"bm":0,"nm":"Stroke 1","mn":"ADBE Vector Graphic - Stroke","hd":false},{"ty":"tr","p":{"a":0,"k":[0,0],"ix":2},"a":{"a":0,"k":[0,0],"ix":1},"s":{"a":0,"k":[100,100],"ix":3},"r":{"a":0,"k":0,"ix":6},"o":{"a":0,"k":100,"ix":7},"sk":{"a":0,"k":0,"ix":4},"sa":{"a":0,"k":0,"ix":5},"nm":"Transform"}],"nm":"Group 2","np":2,"cix":2,"bm":0,"ix":1,"mn":"ADBE Vector Group","hd":false},{"ty":"gr","it":[{"ind":0,"ty":"sh","ix":1,"ks":{"a":1,"k":[{"i":{"x":1,"y":1},"o":{"x":0.875,"y":0},"t":4,"s":[{"i":[[0,0],[0,0],[0,0],[0,0],[0,0],[0,0]],"o":[[0,0],[0,0],[0,0],[0,0],[0,0],[0,0]],"v":[[160,160],[160,160],[160,160],[160,40],[160,40],[160,40]],"c":true}]},{"i":{"x":0.667,"y":1},"o":{"x":0,"y":0},"t":10,"s":[{"i":[[0,0],[0,0],[0,0],[0,0],[0,0],[0,0]],"o":[[0,0],[0,0],[0,0],[0,0],[0,0],[0,0]],"v":[[210,152.5],[160,160],[110,152.5],[110,32.5],[160,40],[210,32.5]],"c":true}]},{"t":18,"s":[{"i":[[0,0],[0,0],[0,0],[0,0],[0,0],[0,0]],"o":[[0,0],[0,0],[0,0],[0,0],[0,0],[0,0]],"v":[[250,165],[160,160],[70,165],[70,45],[160,40],[250,45]],"c":true}]}],"ix":2},"nm":"Path 1","mn":"ADBE Vector Shape - Group","hd":false},{"ty":"st","c":{"a":0,"k":[0.125,0.11400000006,0.11400000006,1],"ix":3},"o":{"a":0,"k":100,"ix":4},"w":{"a":0,"k":4,"ix":5},"lc":1,"lj":1,"ml":10,"bm":0,"nm":"Stroke 1","mn":"ADBE Vector Graphic - Stroke","hd":false},{"ty":"fl","c":{"a":0,"k":[0.917647058824,0.917647058824,0.917647058824,1],"ix":4},"o":{"a":0,"k":100,"ix":5},"r":1,"bm":0,"nm":"Fill 1","mn":"ADBE Vector Graphic - Fill","hd":false},{"ty":"tr","p":{"a":0,"k":[0,0],"ix":2},"a":{"a":0,"k":[0,0],"ix":1},"s":{"a":0,"k":[100,100],"ix":3},"r":{"a":0,"k":0,"ix":6},"o":{"a":0,"k":100,"ix":7},"sk":{"a":0,"k":0,"ix":4},"sa":{"a":0,"k":0,"ix":5},"nm":"Transform"}],"nm":"Group 1","np":3,"cix":2,"bm":0,"ix":2,"mn":"ADBE Vector Group","hd":false}],"ip":0,"op":100,"st":0,"bm":0},{"ddd":0,"ind":31,"ty":4,"nm":"Line + Shadow","sr":1,"ks":{"o":{"a":1,"k":[{"i":{"x":[0.833],"y":[0.833]},"o":{"x":[0.167],"y":[0.167]},"t":0,"s":[0]},{"t":1,"s":[100]}],"ix":11},"r":{"a":0,"k":0,"ix":10},"p":{"a":0,"k":[160,176.042,0],"ix":2,"l":2},"a":{"a":0,"k":[150,176.042,0],"ix":1,"l":2},"s":{"a":0,"k":[100,100,100],"ix":6,"l":2}},"ao":0,"shapes":[{"ind":0,"ty":"sh","ix":1,"ks":{"a":1,"k":[{"i":{"x":0,"y":1},"o":{"x":0.333,"y":0},"t":0,"s":[{"i":[[0,0],[0,0]],"o":[[0,0],[0,0]],"v":[[149.875,176.042],[150.125,176.042]],"c":false}]},{"i":{"x":0.833,"y":1},"o":{"x":0.167,"y":0},"t":10,"s":[{"i":[[0,0],[0,0]],"o":[[0,0],[0,0]],"v":[[103,176.042],[197,176.042]],"c":false}]},{"t":20,"s":[{"i":[[0,0],[0,0]],"o":[[0,0],[0,0]],"v":[[95.5,176.042],[204.5,176.042]],"c":false}]}],"ix":2},"nm":"Path 1","mn":"ADBE Vector Shape - Group","hd":false},{"ty":"st","c":{"a":1,"k":[{"i":{"x":[0.833],"y":[0.833]},"o":{"x":[0.167],"y":[0.167]},"t":10,"s":[0.125,0.113999998803,0.113999998803,1]},{"t":20,"s":[0.917647063732,0.917647063732,0.917647063732,1]}],"ix":3},"o":{"a":0,"k":100,"ix":4},"w":{"a":0,"k":4,"ix":5},"lc":2,"lj":2,"bm":0,"nm":"Stroke 1","mn":"ADBE Vector Graphic - Stroke","hd":false}],"ip":0,"op":100,"st":0,"bm":0}],"markers":[]}